-- MySQL dump 10.19  Distrib 10.2.37-MariaDB, for Linux (x86_64)
--
-- Host: localhost    Database: sferachild
-- ------------------------------------------------------
-- Server version	10.2.37-MariaDB

/*!40101 SET @OLD_CHARACTER_SET_CLIENT=@@CHARACTER_SET_CLIENT */;
/*!40101 SET @OLD_CHARACTER_SET_RESULTS=@@CHARACTER_SET_RESULTS */;
/*!40101 SET @OLD_COLLATION_CONNECTION=@@COLLATION_CONNECTION */;
/*!40101 SET NAMES utf8 */;
/*!40103 SET @OLD_TIME_ZONE=@@TIME_ZONE */;
/*!40103 SET TIME_ZONE='+00:00' */;
/*!40014 SET @OLD_UNIQUE_CHECKS=@@UNIQUE_CHECKS, UNIQUE_CHECKS=0 */;
/*!40014 SET @OLD_FOREIGN_KEY_CHECKS=@@FOREIGN_KEY_CHECKS, FOREIGN_KEY_CHECKS=0 */;
/*!40101 SET @OLD_SQL_MODE=@@SQL_MODE, SQL_MODE='NO_AUTO_VALUE_ON_ZERO' */;
/*!40111 SET @OLD_SQL_NOTES=@@SQL_NOTES, SQL_NOTES=0 */;

--
-- Table structure for table `chat_messages`
--

DROP TABLE IF EXISTS `chat_messages`;
/*!40101 SET @saved_cs_client     = @@character_set_client */;
/*!40101 SET character_set_client = utf8 */;
CREATE TABLE `chat_messages` (
  `id` bigint(20) unsigned NOT NULL AUTO_INCREMENT,
  `hash` varchar(255) COLLATE utf8mb4_unicode_ci NOT NULL,
  `text` text COLLATE utf8mb4_unicode_ci NOT NULL,
  `created_at` timestamp NULL DEFAULT NULL,
  `updated_at` timestamp NULL DEFAULT NULL,
  `author_id` bigint(20) unsigned NOT NULL,
  PRIMARY KEY (`id`),
  KEY `chat_messages_author_id_index` (`author_id`),
  CONSTRAINT `chat_messages_author_id_foreign` FOREIGN KEY (`author_id`) REFERENCES `users` (`id`) ON DELETE CASCADE
) ENGINE=InnoDB AUTO_INCREMENT=23 DEFAULT CHARSET=utf8mb4 COLLATE=utf8mb4_unicode_ci;
/*!40101 SET character_set_client = @saved_cs_client */;

--
-- Dumping data for table `chat_messages`
--

LOCK TABLES `chat_messages` WRITE;
/*!40000 ALTER TABLE `chat_messages` DISABLE KEYS */;
INSERT INTO `chat_messages` VALUES (1,'2_3','kljb','2021-03-23 09:56:02','2021-03-23 09:56:02',3),(2,'2_3','qwdqwd','2021-03-23 09:56:07','2021-03-23 09:56:07',2),(3,'2_3','Ваняя','2021-03-28 07:26:01','2021-03-28 07:26:01',3),(4,'2_3','Ваня','2021-03-28 07:26:19','2021-03-28 07:26:19',2),(5,'2_3','Ваня','2021-03-28 07:28:00','2021-03-28 07:28:00',2),(6,'2_3','pjkhjio','2021-03-30 08:09:38','2021-03-30 08:09:38',3),(7,'2_3','njenvjkebgjk','2021-04-03 06:14:40','2021-04-03 06:14:40',3),(8,'2_3','dsfsgs','2021-05-20 09:53:53','2021-05-20 09:53:53',2),(9,'2_3','sff','2021-05-20 09:55:41','2021-05-20 09:55:41',3),(10,'2_3','vhvj','2021-06-05 09:21:01','2021-06-05 09:21:01',3),(11,'2_3','Привет','2021-06-05 09:21:22','2021-06-05 09:21:22',2),(12,'2_3','jrigjrijgr','2021-06-05 09:26:42','2021-06-05 09:26:42',3),(13,'2_3','Ghbdtn','2021-06-21 14:01:17','2021-06-21 14:01:17',3),(14,'2_3','Ghbdtn','2021-06-21 14:01:54','2021-06-21 14:01:54',3),(15,'2_3','Как дела?','2021-06-21 14:02:17','2021-06-21 14:02:17',2),(16,'2_3','Хорошо, как у Вас?','2021-06-21 14:02:43','2021-06-21 14:02:43',3),(17,'2_3','У меня тоже','2021-06-21 14:02:56','2021-06-21 14:02:56',2),(18,'2_3','привет','2021-08-10 14:03:12','2021-08-10 14:03:12',3),(19,'2_3','Как дела?','2021-08-10 14:03:49','2021-08-10 14:03:49',2),(20,'2_3','оирорио','2021-08-10 14:21:28','2021-08-10 14:21:28',3),(21,'2_3','hgygyg','2021-08-28 16:04:18','2021-08-28 16:04:18',2),(22,'2_3','213','2021-08-28 16:05:13','2021-08-28 16:05:13',2);
/*!40000 ALTER TABLE `chat_messages` ENABLE KEYS */;
UNLOCK TABLES;

--
-- Table structure for table `conflicts`
--

DROP TABLE IF EXISTS `conflicts`;
/*!40101 SET @saved_cs_client     = @@character_set_client */;
/*!40101 SET character_set_client = utf8 */;
CREATE TABLE `conflicts` (
  `id` bigint(20) unsigned NOT NULL AUTO_INCREMENT,
  `created_at` timestamp NULL DEFAULT NULL,
  `updated_at` timestamp NULL DEFAULT NULL,
  `text` varchar(255) COLLATE utf8mb4_unicode_ci NOT NULL,
  `lesson_id` bigint(20) unsigned DEFAULT NULL,
  PRIMARY KEY (`id`),
  KEY `conflicts_lesson_id_foreign` (`lesson_id`),
  CONSTRAINT `conflicts_lesson_id_foreign` FOREIGN KEY (`lesson_id`) REFERENCES `lessons` (`id`) ON DELETE CASCADE
) ENGINE=InnoDB DEFAULT CHARSET=utf8mb4 COLLATE=utf8mb4_unicode_ci;
/*!40101 SET character_set_client = @saved_cs_client */;

--
-- Dumping data for table `conflicts`
--

LOCK TABLES `conflicts` WRITE;
/*!40000 ALTER TABLE `conflicts` DISABLE KEYS */;
/*!40000 ALTER TABLE `conflicts` ENABLE KEYS */;
UNLOCK TABLES;

--
-- Table structure for table `events`
--

DROP TABLE IF EXISTS `events`;
/*!40101 SET @saved_cs_client     = @@character_set_client */;
/*!40101 SET character_set_client = utf8 */;
CREATE TABLE `events` (
  `id` bigint(20) unsigned NOT NULL AUTO_INCREMENT,
  `start` datetime NOT NULL,
  `end` datetime NOT NULL,
  `subject_id` bigint(20) unsigned DEFAULT NULL,
  `student_id` bigint(20) unsigned DEFAULT NULL,
  `teacher_id` bigint(20) unsigned NOT NULL,
  PRIMARY KEY (`id`),
  KEY `events_subject_id_index` (`subject_id`),
  KEY `events_student_id_index` (`student_id`),
  KEY `events_teacher_id_index` (`teacher_id`),
  CONSTRAINT `events_student_id_foreign` FOREIGN KEY (`student_id`) REFERENCES `users` (`id`) ON DELETE SET NULL,
  CONSTRAINT `events_subject_id_foreign` FOREIGN KEY (`subject_id`) REFERENCES `subjects` (`id`) ON DELETE SET NULL,
  CONSTRAINT `events_teacher_id_foreign` FOREIGN KEY (`teacher_id`) REFERENCES `users` (`id`) ON DELETE CASCADE
) ENGINE=InnoDB AUTO_INCREMENT=58 DEFAULT CHARSET=utf8mb4 COLLATE=utf8mb4_unicode_ci;
/*!40101 SET character_set_client = @saved_cs_client */;

--
-- Dumping data for table `events`
--

LOCK TABLES `events` WRITE;
/*!40000 ALTER TABLE `events` DISABLE KEYS */;
INSERT INTO `events` VALUES (1,'2021-03-25 16:00:00','2021-03-25 17:00:00',1,NULL,3),(2,'2021-03-26 16:00:00','2021-03-26 17:00:00',1,NULL,3),(3,'2021-03-27 16:00:00','2021-03-27 17:00:00',NULL,2,3),(4,'2021-03-25 17:30:00','2021-03-25 18:30:00',3,NULL,3),(5,'2021-03-24 14:30:00','2021-03-24 15:30:00',1,NULL,3),(6,'2021-03-25 14:30:00','2021-03-25 15:30:00',1,NULL,3),(7,'2021-03-26 14:30:00','2021-03-26 15:30:00',1,NULL,3),(8,'2021-03-24 12:00:00','2021-03-24 13:00:00',2,2,3),(9,'2021-03-25 12:00:00','2021-03-25 13:00:00',2,NULL,3),(10,'2021-03-26 12:00:00','2021-03-26 13:00:00',2,NULL,3),(11,'2021-03-24 10:30:00','2021-03-24 11:30:00',3,NULL,3),(12,'2021-03-29 22:55:00','2021-03-29 23:55:00',1,NULL,3),(13,'2021-03-30 22:55:00','2021-03-30 23:55:00',1,2,3),(14,'2021-03-31 22:55:00','2021-03-31 23:55:00',1,NULL,3),(15,'2021-03-30 16:01:00','2021-03-30 17:01:00',2,NULL,3),(16,'2021-03-30 18:01:00','2021-03-30 19:01:00',2,NULL,3),(17,'2021-04-14 16:16:00','2021-04-14 17:16:00',2,NULL,3),(18,'2021-04-14 16:16:00','2021-04-14 17:16:00',2,NULL,3),(19,'2021-05-21 16:54:00','2021-05-21 17:54:00',2,NULL,3),(20,'2021-05-21 16:54:00','2021-05-21 17:54:00',2,NULL,3),(21,'2021-05-21 16:54:00','2021-05-21 17:54:00',2,NULL,3),(22,'2021-05-21 16:54:00','2021-05-21 17:54:00',2,NULL,3),(23,'2021-05-21 16:54:00','2021-05-21 17:54:00',2,NULL,3),(24,'2021-05-21 16:54:00','2021-05-21 17:54:00',2,NULL,3),(25,'2021-06-05 10:00:00','2021-06-05 11:00:00',1,NULL,3),(26,'2021-06-05 10:00:00','2021-06-05 11:00:00',1,NULL,3),(27,'2021-06-05 10:00:00','2021-06-05 11:00:00',1,NULL,3),(28,'2021-06-05 10:00:00','2021-06-05 11:00:00',1,NULL,3),(29,'2021-06-05 10:00:00','2021-06-05 11:00:00',1,NULL,3),(30,'2021-06-05 10:00:00','2021-06-05 11:00:00',1,NULL,3),(31,'2021-06-05 10:00:00','2021-06-05 11:00:00',1,NULL,3),(32,'2021-06-05 10:00:00','2021-06-05 11:00:00',1,NULL,3),(33,'2021-06-05 10:00:00','2021-06-05 11:00:00',1,NULL,3),(34,'2021-06-05 10:00:00','2021-06-05 11:00:00',1,NULL,3),(35,'2021-06-05 10:00:00','2021-06-05 11:00:00',1,NULL,3),(36,'2021-06-05 10:00:00','2021-06-05 11:00:00',1,NULL,3),(37,'2021-06-05 16:00:00','2021-06-05 17:00:00',2,2,3),(38,'2021-06-18 14:00:00','2021-06-18 15:00:00',2,2,3),(39,'2021-06-18 14:00:00','2021-06-18 15:00:00',2,NULL,3),(40,'2021-06-18 14:51:00','2021-06-18 15:51:00',2,2,3),(41,'2021-07-16 13:09:00','2021-07-16 14:09:00',2,NULL,3),(42,'2021-07-16 13:09:00','2021-07-16 14:09:00',2,NULL,3),(43,'2021-08-11 21:01:00','2021-08-11 22:01:00',2,2,3),(44,'2021-08-11 21:01:00','2021-08-11 22:01:00',2,NULL,3),(45,'2021-08-11 21:01:00','2021-08-11 22:01:00',2,NULL,3),(46,'2021-08-11 21:01:00','2021-08-11 22:01:00',2,NULL,3),(47,'2021-08-11 21:01:00','2021-08-11 22:01:00',2,NULL,3),(48,'2021-08-11 21:01:00','2021-08-11 22:01:00',2,NULL,3),(49,'2021-08-11 21:01:00','2021-08-11 22:01:00',2,NULL,3),(50,'2021-08-11 21:01:00','2021-08-11 22:01:00',2,NULL,3),(51,'2021-08-11 21:01:00','2021-08-11 22:01:00',2,NULL,3),(52,'2021-08-11 21:01:00','2021-08-11 22:01:00',2,NULL,3),(53,'2021-08-10 20:07:00','2021-08-10 21:07:00',1,2,3),(54,'2021-08-14 17:00:00','2021-08-14 18:00:00',1,2,3),(55,'2021-08-14 17:00:00','2021-08-14 18:00:00',1,NULL,3),(56,'2021-08-19 19:00:00','2021-08-19 20:00:00',1,2,3),(57,'2021-08-30 12:03:00','2021-08-30 13:03:00',2,2,3);
/*!40000 ALTER TABLE `events` ENABLE KEYS */;
UNLOCK TABLES;

--
-- Table structure for table `failed_jobs`
--

DROP TABLE IF EXISTS `failed_jobs`;
/*!40101 SET @saved_cs_client     = @@character_set_client */;
/*!40101 SET character_set_client = utf8 */;
CREATE TABLE `failed_jobs` (
  `id` bigint(20) unsigned NOT NULL AUTO_INCREMENT,
  `connection` text COLLATE utf8mb4_unicode_ci NOT NULL,
  `queue` text COLLATE utf8mb4_unicode_ci NOT NULL,
  `payload` longtext COLLATE utf8mb4_unicode_ci NOT NULL,
  `exception` longtext COLLATE utf8mb4_unicode_ci NOT NULL,
  `failed_at` timestamp NOT NULL DEFAULT current_timestamp(),
  PRIMARY KEY (`id`)
) ENGINE=InnoDB DEFAULT CHARSET=utf8mb4 COLLATE=utf8mb4_unicode_ci;
/*!40101 SET character_set_client = @saved_cs_client */;

--
-- Dumping data for table `failed_jobs`
--

LOCK TABLES `failed_jobs` WRITE;
/*!40000 ALTER TABLE `failed_jobs` DISABLE KEYS */;
/*!40000 ALTER TABLE `failed_jobs` ENABLE KEYS */;
UNLOCK TABLES;

--
-- Table structure for table `faqs`
--

DROP TABLE IF EXISTS `faqs`;
/*!40101 SET @saved_cs_client     = @@character_set_client */;
/*!40101 SET character_set_client = utf8 */;
CREATE TABLE `faqs` (
  `id` bigint(20) unsigned NOT NULL AUTO_INCREMENT,
  `question` text COLLATE utf8mb4_unicode_ci NOT NULL,
  `answer` text COLLATE utf8mb4_unicode_ci NOT NULL,
  PRIMARY KEY (`id`)
) ENGINE=InnoDB DEFAULT CHARSET=utf8mb4 COLLATE=utf8mb4_unicode_ci;
/*!40101 SET character_set_client = @saved_cs_client */;

--
-- Dumping data for table `faqs`
--

LOCK TABLES `faqs` WRITE;
/*!40000 ALTER TABLE `faqs` DISABLE KEYS */;
/*!40000 ALTER TABLE `faqs` ENABLE KEYS */;
UNLOCK TABLES;

--
-- Table structure for table `files`
--

DROP TABLE IF EXISTS `files`;
/*!40101 SET @saved_cs_client     = @@character_set_client */;
/*!40101 SET character_set_client = utf8 */;
CREATE TABLE `files` (
  `id` bigint(20) unsigned NOT NULL AUTO_INCREMENT,
  `fileable_type` varchar(255) COLLATE utf8mb4_unicode_ci NOT NULL,
  `fileable_id` int(10) unsigned NOT NULL,
  `category` varchar(255) COLLATE utf8mb4_unicode_ci DEFAULT NULL,
  `src` varchar(255) COLLATE utf8mb4_unicode_ci NOT NULL,
  `name` varchar(255) COLLATE utf8mb4_unicode_ci NOT NULL,
  `ext` varchar(255) COLLATE utf8mb4_unicode_ci NOT NULL,
  `size` varchar(255) COLLATE utf8mb4_unicode_ci NOT NULL,
  `created_at` timestamp NULL DEFAULT NULL,
  `updated_at` timestamp NULL DEFAULT NULL,
  PRIMARY KEY (`id`)
) ENGINE=InnoDB AUTO_INCREMENT=7 DEFAULT CHARSET=utf8mb4 COLLATE=utf8mb4_unicode_ci;
/*!40101 SET character_set_client = @saved_cs_client */;

--
-- Dumping data for table `files`
--

LOCK TABLES `files` WRITE;
/*!40000 ALTER TABLE `files` DISABLE KEYS */;
INSERT INTO `files` VALUES (1,'App\\Lesson',1,NULL,'lessons/1/M6arNUseyBkEwIn9TNKFptV2hZYMjPcUauoDLfSI.png','Без названия.png','png','277397','2021-03-23 09:54:13','2021-03-23 09:54:13'),(2,'App\\Lesson',2,NULL,'lessons/2/Rj0ftrgUmOUTMQqP8mo14Z6uBQx7LYEaJeVNcyZX.jpg','Никитос.jpg','jpg','266386','2021-03-28 07:32:35','2021-03-28 07:32:35'),(3,'App\\Lesson',2,NULL,'lessons/2/5vcPDhKE4T13YpnQFAUJPsoJxoHTc0FC7SO0ZcBX.jpg','kisspng-cloud-computing-computer-icons-web-hosting-service-impact-5acceaec448f38.2362586315233789242808.jpg','jpg','16089','2021-03-30 08:10:57','2021-03-30 08:10:57'),(4,'App\\Lesson',2,NULL,'lessons/2/Jv07ob5SatcChWdlz2Ixmz4GYFTvOijKw5ND49JX.jpg','photo_2021-03-25_19-39-12.jpg','jpg','132810','2021-03-30 08:11:32','2021-03-30 08:11:32'),(5,'App\\Lesson',1,NULL,'lessons/1/Kq6CH2QZS0d0ZROQx3ZYmurFuvNxyxZj4EwHx1cM.jpg','русс.яз (сайт)f.jpg','jpg','66424','2021-04-01 16:38:44','2021-04-01 16:38:44'),(6,'App\\Lesson',8,NULL,'lessons/8/VHWQJIBxi0Fa1svRDF7HPqtXwPra0kI2A92aXUlm.jpg','Никитос.jpg','jpg','266386','2021-08-10 14:20:15','2021-08-10 14:20:15');
/*!40000 ALTER TABLE `files` ENABLE KEYS */;
UNLOCK TABLES;

--
-- Table structure for table `infos`
--

DROP TABLE IF EXISTS `infos`;
/*!40101 SET @saved_cs_client     = @@character_set_client */;
/*!40101 SET character_set_client = utf8 */;
CREATE TABLE `infos` (
  `id` bigint(20) unsigned NOT NULL AUTO_INCREMENT,
  `created_at` timestamp NULL DEFAULT NULL,
  `updated_at` timestamp NULL DEFAULT NULL,
  PRIMARY KEY (`id`)
) ENGINE=InnoDB DEFAULT CHARSET=utf8mb4 COLLATE=utf8mb4_unicode_ci;
/*!40101 SET character_set_client = @saved_cs_client */;

--
-- Dumping data for table `infos`
--

LOCK TABLES `infos` WRITE;
/*!40000 ALTER TABLE `infos` DISABLE KEYS */;
/*!40000 ALTER TABLE `infos` ENABLE KEYS */;
UNLOCK TABLES;

--
-- Table structure for table `jobs`
--

DROP TABLE IF EXISTS `jobs`;
/*!40101 SET @saved_cs_client     = @@character_set_client */;
/*!40101 SET character_set_client = utf8 */;
CREATE TABLE `jobs` (
  `id` bigint(20) unsigned NOT NULL AUTO_INCREMENT,
  `queue` varchar(255) COLLATE utf8mb4_unicode_ci NOT NULL,
  `payload` longtext COLLATE utf8mb4_unicode_ci NOT NULL,
  `attempts` tinyint(3) unsigned NOT NULL,
  `reserved_at` int(10) unsigned DEFAULT NULL,
  `available_at` int(10) unsigned NOT NULL,
  `created_at` int(10) unsigned NOT NULL,
  PRIMARY KEY (`id`),
  KEY `jobs_queue_index` (`queue`)
) ENGINE=InnoDB DEFAULT CHARSET=utf8mb4 COLLATE=utf8mb4_unicode_ci;
/*!40101 SET character_set_client = @saved_cs_client */;

--
-- Dumping data for table `jobs`
--

LOCK TABLES `jobs` WRITE;
/*!40000 ALTER TABLE `jobs` DISABLE KEYS */;
/*!40000 ALTER TABLE `jobs` ENABLE KEYS */;
UNLOCK TABLES;

--
-- Table structure for table `lesson_boards`
--

DROP TABLE IF EXISTS `lesson_boards`;
/*!40101 SET @saved_cs_client     = @@character_set_client */;
/*!40101 SET character_set_client = utf8 */;
CREATE TABLE `lesson_boards` (
  `id` bigint(20) unsigned NOT NULL AUTO_INCREMENT,
  `name` varchar(255) COLLATE utf8mb4_unicode_ci NOT NULL,
  `type` enum('line','grid','empty') COLLATE utf8mb4_unicode_ci NOT NULL DEFAULT 'empty',
  `data` longtext CHARACTER SET utf8mb4 COLLATE utf8mb4_bin NOT NULL,
  `lesson_id` bigint(20) unsigned NOT NULL,
  PRIMARY KEY (`id`),
  KEY `lesson_boards_lesson_id_index` (`lesson_id`),
  CONSTRAINT `lesson_boards_lesson_id_foreign` FOREIGN KEY (`lesson_id`) REFERENCES `lessons` (`id`) ON DELETE CASCADE
) ENGINE=InnoDB AUTO_INCREMENT=4 DEFAULT CHARSET=utf8mb4 COLLATE=utf8mb4_unicode_ci;
/*!40101 SET character_set_client = @saved_cs_client */;

--
-- Dumping data for table `lesson_boards`
--

LOCK TABLES `lesson_boards` WRITE;
/*!40000 ALTER TABLE `lesson_boards` DISABLE KEYS */;
INSERT INTO `lesson_boards` VALUES (1,'test','empty','{\"version\":\"4.2.0\",\"objects\":[{\"type\":\"image\",\"version\":\"4.2.0\",\"originX\":\"left\",\"originY\":\"top\",\"left\":5,\"top\":5,\"width\":0,\"height\":0,\"fill\":\"rgb(0,0,0)\",\"stroke\":null,\"strokeWidth\":0,\"strokeDashArray\":null,\"strokeLineCap\":\"butt\",\"strokeDashOffset\":0,\"strokeLineJoin\":\"miter\",\"strokeMiterLimit\":4,\"scaleX\":null,\"scaleY\":null,\"angle\":0,\"flipX\":false,\"flipY\":false,\"opacity\":1,\"shadow\":null,\"visible\":true,\"backgroundColor\":\"\",\"fillRule\":\"nonzero\",\"paintFirst\":\"fill\",\"globalCompositeOperation\":\"source-over\",\"skewX\":0,\"skewY\":0,\"cropX\":0,\"cropY\":0,\"src\":\"\",\"crossOrigin\":null,\"filters\":[]},{\"type\":\"image\",\"version\":\"4.2.0\",\"originX\":\"left\",\"originY\":\"top\",\"left\":5,\"top\":5,\"width\":0,\"height\":0,\"fill\":\"rgb(0,0,0)\",\"stroke\":null,\"strokeWidth\":0,\"strokeDashArray\":null,\"strokeLineCap\":\"butt\",\"strokeDashOffset\":0,\"strokeLineJoin\":\"miter\",\"strokeMiterLimit\":4,\"scaleX\":0,\"scaleY\":0,\"angle\":0,\"flipX\":false,\"flipY\":false,\"opacity\":1,\"shadow\":null,\"visible\":true,\"backgroundColor\":\"\",\"fillRule\":\"nonzero\",\"paintFirst\":\"fill\",\"globalCompositeOperation\":\"source-over\",\"skewX\":0,\"skewY\":0,\"cropX\":0,\"cropY\":0,\"src\":\"\",\"crossOrigin\":null,\"filters\":[]}],\"background\":{\"type\":\"pattern\",\"source\":\"https://sferachild.ru/images/patterns/2.png\",\"repeat\":\"repeat\",\"crossOrigin\":\"\",\"offsetX\":0,\"offsetY\":0,\"patternTransform\":null}}',1),(2,'test','empty','{\"version\":\"4.2.0\",\"objects\":[{\"type\":\"image\",\"version\":\"4.2.0\",\"originX\":\"left\",\"originY\":\"top\",\"left\":5,\"top\":5,\"width\":0,\"height\":0,\"fill\":\"rgb(0,0,0)\",\"stroke\":null,\"strokeWidth\":0,\"strokeDashArray\":null,\"strokeLineCap\":\"butt\",\"strokeDashOffset\":0,\"strokeLineJoin\":\"miter\",\"strokeMiterLimit\":4,\"scaleX\":0,\"scaleY\":0,\"angle\":0,\"flipX\":false,\"flipY\":false,\"opacity\":1,\"shadow\":null,\"visible\":true,\"backgroundColor\":\"\",\"fillRule\":\"nonzero\",\"paintFirst\":\"fill\",\"globalCompositeOperation\":\"source-over\",\"skewX\":0,\"skewY\":0,\"cropX\":0,\"cropY\":0,\"src\":\"\",\"crossOrigin\":null,\"filters\":[]},{\"type\":\"line\",\"version\":\"4.2.0\",\"originX\":\"left\",\"originY\":\"top\",\"left\":829.77,\"top\":147.84,\"width\":1,\"height\":1,\"fill\":\"\",\"stroke\":\"black\",\"strokeWidth\":3,\"strokeDashArray\":null,\"strokeLineCap\":\"butt\",\"strokeDashOffset\":0,\"strokeLineJoin\":\"miter\",\"strokeMiterLimit\":4,\"scaleX\":1,\"scaleY\":1,\"angle\":0,\"flipX\":false,\"flipY\":false,\"opacity\":1,\"shadow\":null,\"visible\":true,\"backgroundColor\":\"\",\"fillRule\":\"nonzero\",\"paintFirst\":\"fill\",\"globalCompositeOperation\":\"source-over\",\"skewX\":0,\"skewY\":0,\"x1\":-0.5,\"x2\":0.5,\"y1\":-0.5,\"y2\":0.5},{\"type\":\"path\",\"version\":\"4.2.0\",\"originX\":\"left\",\"originY\":\"top\",\"left\":187.95,\"top\":91.15,\"width\":233.94,\"height\":99.64,\"fill\":null,\"stroke\":\"black\",\"strokeWidth\":4,\"strokeDashArray\":null,\"strokeLineCap\":\"round\",\"strokeDashOffset\":0,\"strokeLineJoin\":\"round\",\"strokeMiterLimit\":10,\"scaleX\":1,\"scaleY\":1,\"angle\":0,\"flipX\":false,\"flipY\":false,\"opacity\":1,\"shadow\":null,\"visible\":true,\"backgroundColor\":\"\",\"fillRule\":\"nonzero\",\"paintFirst\":\"fill\",\"globalCompositeOperation\":\"source-over\",\"skewX\":0,\"skewY\":0,\"path\":[[\"M\",189.94649863243149,134.85005405405406],[\"Q\",189.94649863243149,134.85405405405405,189.94649863243149,135.35351351351352],[\"Q\",189.94649863243149,135.85297297297296,189.94649863243149,136.85189189189188],[\"Q\",189.94649863243149,137.8508108108108,189.94649863243149,138.35027027027024],[\"Q\",189.94649863243149,138.84972972972972,189.94649863243149,139.3491891891892],[\"Q\",189.94649863243149,139.84864864864863,190.44635783935894,141.84648648648647],[\"Q\",190.9462170462864,143.8443243243243,191.44607625321385,145.3427027027027],[\"Q\",191.94593546014127,146.84108108108106,192.44579466706875,146.84108108108106],[\"Q\",192.9456538739962,146.84108108108106,193.44551308092366,147.34054054054053],[\"Q\",193.9453722878511,147.84,193.9453722878511,148.33945945945948],[\"Q\",193.9453722878511,148.83891891891892,194.44523149477854,148.83891891891892],[\"Q\",194.945090701706,148.83891891891892,195.9448091155609,148.83891891891892],[\"Q\",196.9445275294158,148.83891891891892,197.9442459432707,147.83999999999997],[\"Q\",198.9439643571256,146.84108108108106,200.9434011848354,146.34162162162158],[\"Q\",202.94283801254522,145.84216216216214,204.44241563332758,144.84324324324322],[\"Q\",205.94199325410995,143.8443243243243,207.94143008181976,143.34486486486486],[\"Q\",209.94086690952955,142.84540540540542,211.44044453031188,141.84648648648647],[\"Q\",212.94002215109424,140.84756756756755,213.93974056494915,139.84864864864863],[\"Q\",214.93945897880405,138.84972972972972,217.43875501344132,137.35135135135135],[\"Q\",219.93805104807856,135.85297297297296,220.93776946193344,135.35351351351352],[\"Q\",221.93748787578835,134.85405405405405,223.4370654965707,133.85513513513513],[\"Q\",224.93664311735307,132.8562162162162,225.93636153120798,131.8572972972973],[\"Q\",226.93607994506286,130.85837837837838,228.43565756584522,130.3589189189189],[\"Q\",229.93523518662758,129.85945945945946,230.43509439355506,129.36],[\"Q\",230.93495360048252,128.86054054054054,231.43481280740997,128.36108108108107],[\"Q\",231.9346720143374,127.86162162162162,232.93439042819227,127.86162162162162],[\"Q\",233.93410884204718,127.86162162162162,233.93410884204718,127.36216216216215],[\"Q\",233.93410884204718,126.86270270270269,234.43396804897463,126.86270270270269],[\"Q\",234.9338272559021,126.86270270270269,235.43368646282954,126.36324324324323],[\"Q\",235.93354566975702,125.86378378378377,236.43340487668445,125.86378378378377],[\"Q\",236.9332640836119,125.86378378378377,237.43312329053936,125.36432432432431],[\"Q\",237.9329824974668,124.86486486486486,237.9329824974668,124.3654054054054],[\"Q\",237.9329824974668,123.86594594594594,239.43256011824917,123.36648648648648],[\"Q\",240.93213773903153,122.86702702702702,241.43199694595899,121.86810810810809],[\"Q\",241.9318561528864,120.86918918918917,242.43171535981386,120.36972972972971],[\"Q\",242.93157456674132,119.87027027027025,243.93129298059623,118.87135135135134],[\"Q\",244.93101139445113,117.87243243243243,245.4308706013786,117.37297297297297],[\"Q\",245.93072980830604,116.8735135135135,246.43058901523347,116.37405405405404],[\"Q\",246.93044822216092,115.87459459459458,246.93044822216092,115.37513513513512],[\"Q\",246.93044822216092,114.87567567567567,246.93044822216092,114.3762162162162],[\"Q\",246.93044822216092,113.87675675675675,246.93044822216092,112.87783783783783],[\"Q\",246.93044822216092,111.8789189189189,247.93016663601583,110.88],[\"Q\",248.9298850498707,109.88108108108108,249.4297442567982,108.88216216216216],[\"Q\",249.92960346372564,107.88324324324324,250.4294626706531,107.38378378378377],[\"Q\",250.92932187758055,106.88432432432431,251.429181084508,105.38594594594593],[\"Q\",251.92904029143543,103.88756756756756,252.92875870529033,102.88864864864863],[\"Q\",253.92847711914524,101.88972972972971,253.92847711914524,101.39027027027026],[\"Q\",253.92847711914524,100.8908108108108,253.92847711914524,99.89189189189189],[\"Q\",253.92847711914524,98.89297297297297,254.4283363260727,98.89297297297297],[\"Q\",254.92819553300015,98.89297297297297,255.4280547399276,97.89405405405404],[\"Q\",255.92791394685506,96.89513513513512,255.92791394685506,96.39567567567566],[\"Q\",255.92791394685506,95.8962162162162,255.92791394685506,95.39675675675674],[\"Q\",255.92791394685506,94.89729729729729,256.4277731537825,94.89729729729729],[\"Q\",256.92763236070994,94.89729729729729,256.92763236070994,94.39783783783783],[\"Q\",256.92763236070994,93.89837837837837,257.4274915676374,93.39891891891892],[\"Q\",257.92735077456484,92.89945945945946,257.92735077456484,95.89621621621622],[\"Q\",257.92735077456484,98.89297297297297,257.92735077456484,100.89081081081082],[\"Q\",257.92735077456484,102.88864864864865,257.92735077456484,104.88648648648649],[\"Q\",257.92735077456484,106.88432432432431,257.92735077456484,108.38270270270269],[\"Q\",257.92735077456484,109.88108108108108,257.4274915676374,110.88],[\"Q\",256.92763236070994,111.8789189189189,256.4277731537825,113.37729729729728],[\"Q\",255.92791394685506,114.87567567567567,255.4280547399276,115.87459459459458],[\"Q\",254.92819553300015,116.8735135135135,254.92819553300015,117.87243243243242],[\"Q\",254.92819553300015,118.87135135135135,254.92819553300015,119.37081081081081],[\"Q\",254.92819553300015,119.87027027027025,254.4283363260727,121.36864864864864],[\"Q\",253.92847711914524,122.86702702702702,253.92847711914524,124.3654054054054],[\"Q\",253.92847711914524,125.86378378378377,253.42861791221782,126.8627027027027],[\"Q\",252.92875870529036,127.86162162162162,252.4288994983629,129.36],[\"Q\",251.92904029143543,130.85837837837838,251.92904029143543,132.35675675675674],[\"Q\",251.92904029143543,133.85513513513513,251.429181084508,134.35459459459457],[\"Q\",250.92932187758055,134.85405405405405,250.92932187758055,135.85297297297296],[\"Q\",250.92932187758055,136.85189189189188,250.4294626706531,137.8508108108108],[\"Q\",249.92960346372564,138.84972972972972,249.92960346372564,139.84864864864863],[\"Q\",249.92960346372564,140.84756756756755,249.92960346372564,141.34702702702702],[\"Q\",249.92960346372564,141.84648648648647,249.92960346372564,142.34594594594594],[\"Q\",249.92960346372564,142.84540540540542,249.92960346372564,143.34486486486486],[\"Q\",249.92960346372564,143.8443243243243,249.92960346372564,144.34378378378375],[\"Q\",249.92960346372564,144.84324324324322,250.92932187758055,144.84324324324322],[\"Q\",251.92904029143543,144.84324324324322,252.4288994983629,144.84324324324322],[\"Q\",252.92875870529036,144.84324324324322,253.42861791221782,144.84324324324322],[\"Q\",253.92847711914524,144.84324324324322,254.4283363260727,144.84324324324322],[\"Q\",254.92819553300015,144.84324324324322,256.4277731537825,144.84324324324322],[\"Q\",257.92735077456484,144.84324324324322,259.4269283953472,143.8443243243243],[\"Q\",260.92650601612957,142.84540540540542,261.426365223057,142.34594594594594],[\"Q\",261.9262244299845,141.84648648648647,262.9259428438394,141.34702702702702],[\"Q\",263.92566125769423,140.84756756756755,264.9253796715492,139.84864864864863],[\"Q\",265.9250980854041,138.84972972972972,267.9245349131139,137.35135135135135],[\"Q\",269.9239717408237,135.85297297297296,270.4238309477511,134.85405405405405],[\"Q\",270.9236901546786,133.85513513513513,271.9234085685335,132.35675675675674],[\"Q\",272.9231269823884,130.85837837837838,273.42298618931585,129.36],[\"Q\",273.9228453962433,127.86162162162162,275.9222822239531,125.36432432432431],[\"Q\",277.92171905166293,122.86702702702702,277.92171905166293,121.36864864864864],[\"Q\",277.92171905166293,119.87027027027025,277.92171905166293,119.37081081081081],[\"Q\",277.92171905166293,118.87135135135135,278.9214374655178,117.37297297297297],[\"Q\",279.9211558793727,115.87459459459458,279.9211558793727,116.8735135135135],[\"Q\",279.9211558793727,117.87243243243243,279.9211558793727,118.87135135135134],[\"Q\",279.9211558793727,119.87027027027025,279.42129667244524,122.867027027027],[\"Q\",278.9214374655178,125.86378378378377,278.42157825859033,128.36108108108107],[\"Q\",277.92171905166293,130.85837837837838,277.92171905166293,132.35675675675674],[\"Q\",277.92171905166293,133.85513513513513,277.4218598447355,134.85405405405405],[\"Q\",276.922000637808,135.85297297297296,276.922000637808,137.35135135135135],[\"Q\",276.922000637808,138.84972972972972,276.922000637808,139.3491891891892],[\"Q\",276.922000637808,139.84864864864863,276.922000637808,140.34810810810808],[\"Q\",276.922000637808,140.84756756756755,276.922000637808,141.84648648648647],[\"Q\",276.922000637808,142.84540540540542,277.4218598447355,142.84540540540542],[\"Q\",277.92171905166293,142.84540540540542,277.92171905166293,143.34486486486486],[\"Q\",277.92171905166293,143.8443243243243,278.42157825859033,144.34378378378375],[\"Q\",278.9214374655178,144.84324324324322,279.42129667244524,144.84324324324322],[\"Q\",279.9211558793727,144.84324324324322,280.9208742932276,144.84324324324322],[\"Q\",281.9205927070825,144.84324324324322,283.42017032786487,144.34378378378375],[\"Q\",284.9197479486472,143.8443243243243,285.4196071555747,143.34486486486486],[\"Q\",285.91946636250213,142.84540540540542,287.4190439832845,142.34594594594594],[\"Q\",288.9186216040668,141.84648648648647,291.41791763870407,140.34810810810808],[\"Q\",293.91721367334134,138.84972972972972,294.4170728802688,138.35027027027024],[\"Q\",294.91693208719624,137.8508108108108,295.91665050105115,136.85189189189188],[\"Q\",296.91636891490606,135.85297297297296,297.4162281218335,135.35351351351352],[\"Q\",297.91608732876097,134.85405405405405,298.9158057426159,134.85405405405405],[\"Q\",299.9155241564708,134.85405405405405,300.91524257032563,133.85513513513513],[\"Q\",301.91496098418054,132.8562162162162,302.414820191108,131.8572972972973],[\"Q\",302.9146793980355,130.85837837837838,303.91439781189035,130.3589189189189],[\"Q\",304.91411622574526,129.85945945945946,305.4139754326727,129.36],[\"Q\",305.91383463960017,128.86054054054054,305.91383463960017,127.86162162162162],[\"Q\",305.91383463960017,126.86270270270269,305.91383463960017,126.36324324324323],[\"Q\",305.91383463960017,125.86378378378377,305.91383463960017,125.36432432432431],[\"Q\",305.91383463960017,124.86486486486486,305.91383463960017,124.3654054054054],[\"Q\",305.91383463960017,123.86594594594594,305.91383463960017,123.36648648648648],[\"Q\",305.91383463960017,122.86702702702702,305.91383463960017,122.36756756756756],[\"Q\",305.91383463960017,121.86810810810809,305.91383463960017,122.36756756756756],[\"Q\",305.91383463960017,122.86702702702702,305.91383463960017,123.86594594594594],[\"Q\",305.91383463960017,124.86486486486486,305.91383463960017,126.36324324324323],[\"Q\",305.91383463960017,127.86162162162162,305.91383463960017,128.86054054054054],[\"Q\",305.91383463960017,129.85945945945946,305.91383463960017,131.35783783783785],[\"Q\",305.91383463960017,132.8562162162162,305.91383463960017,133.85513513513513],[\"Q\",305.91383463960017,134.85405405405405,305.91383463960017,136.3524324324324],[\"Q\",305.91383463960017,137.8508108108108,305.91383463960017,138.35027027027024],[\"Q\",305.91383463960017,138.84972972972972,305.91383463960017,139.3491891891892],[\"Q\",305.91383463960017,139.84864864864863,305.91383463960017,141.34702702702702],[\"Q\",305.91383463960017,142.84540540540542,305.91383463960017,143.34486486486486],[\"Q\",305.91383463960017,143.8443243243243,305.91383463960017,144.34378378378375],[\"Q\",305.91383463960017,144.84324324324322,305.91383463960017,145.3427027027027],[\"Q\",305.91383463960017,145.84216216216214,305.91383463960017,146.34162162162158],[\"Q\",305.91383463960017,146.84108108108106,306.4136938465276,147.34054054054053],[\"Q\",306.9135530534551,147.84,307.41341226038253,147.84],[\"Q\",307.91327146731,147.84,308.41313067423744,147.84],[\"Q\",308.9129898811649,147.84,309.41284908809234,147.84],[\"Q\",309.9127082950198,147.84,310.41256750194725,147.84],[\"Q\",310.9124267088747,147.84,312.41200432965707,147.84],[\"Q\",313.91158195043937,147.84,314.4114411573668,147.34054054054053],[\"Q\",314.9113003642943,146.84108108108106,315.9110187781492,146.84108108108106],[\"Q\",316.9107371920041,146.84108108108106,317.41059639893155,146.34162162162158],[\"Q\",317.910455605859,145.84216216216214,319.41003322664136,145.3427027027027],[\"Q\",320.9096108474237,144.84324324324322,321.4094700543512,143.8443243243243],[\"Q\",321.90932926127863,142.84540540540542,322.409188468206,142.84540540540542],[\"Q\",322.9090476751335,142.84540540540542,323.40890688206093,141.84648648648647],[\"Q\",323.9087660889884,140.84756756756755,324.9084845028433,139.3491891891892],[\"Q\",325.90820291669826,137.8508108108108,325.90820291669826,137.35135135135135],[\"Q\",325.90820291669826,136.85189189189188,326.4080621236257,135.85297297297296],[\"Q\",326.90792133055317,134.85405405405405,327.40778053748056,134.85405405405405],[\"Q\",327.907639744408,134.85405405405405,328.40749895133547,132.8562162162162],[\"Q\",328.9073581582629,130.85837837837838,329.4072173651904,129.85945945945946],[\"Q\",329.90707657211783,128.86054054054054,330.4069357790453,127.86162162162162],[\"Q\",330.90679498597274,126.86270270270269,331.4066541929002,126.36324324324323],[\"Q\",331.90651339982765,125.86378378378377,332.90623181368255,124.3654054054054],[\"Q\",333.90595022753746,122.86702702702702,333.90595022753746,121.86810810810809],[\"Q\",333.90595022753746,120.86918918918917,334.4058094344649,119.87027027027025],[\"Q\",334.90566864139237,118.87135135135135,335.4055278483198,118.37189189189189],[\"Q\",335.9053870552473,117.87243243243243,336.4052462621747,117.37297297297297],[\"Q\",336.9051054691022,116.8735135135135,336.9051054691022,116.37405405405404],[\"Q\",336.9051054691022,115.87459459459458,336.9051054691022,115.37513513513512],[\"Q\",336.9051054691022,114.87567567567567,337.40496467602964,114.87567567567567],[\"Q\",337.90482388295703,114.87567567567567,338.4046830898845,114.87567567567567],[\"Q\",338.90454229681194,114.87567567567567,339.90426071066685,114.87567567567567],[\"Q\",340.90397912452175,114.87567567567567,341.40383833144926,115.37513513513512],[\"Q\",341.9036975383767,115.87459459459458,342.4035567453042,116.37405405405404],[\"Q\",342.90341595223157,116.8735135135135,343.403275159159,117.87243243243242],[\"Q\",343.9031343660865,118.87135135135135,344.40299357301393,120.86918918918919],[\"Q\",344.9028527799414,122.86702702702702,345.40271198686884,124.86486486486486],[\"Q\",345.9025711937963,126.86270270270269,345.9025711937963,127.36216216216215],[\"Q\",345.9025711937963,127.86162162162162,345.9025711937963,128.36108108108107],[\"Q\",345.9025711937963,128.86054054054054,345.9025711937963,129.85945945945946],[\"Q\",345.9025711937963,130.85837837837838,345.9025711937963,132.8562162162162],[\"Q\",345.9025711937963,134.85405405405405,345.9025711937963,135.35351351351352],[\"Q\",345.9025711937963,135.85297297297296,345.40271198686884,137.35135135135135],[\"Q\",344.9028527799414,138.84972972972972,343.9031343660865,140.34810810810808],[\"Q\",342.90341595223157,141.84648648648647,342.4035567453042,142.34594594594594],[\"Q\",341.9036975383767,142.84540540540542,341.40383833144926,144.34378378378378],[\"Q\",340.90397912452175,145.84216216216214,340.4041199175943,146.8410810810811],[\"Q\",339.90426071066685,147.84,339.4044015037394,148.33945945945948],[\"Q\",338.90454229681194,148.83891891891892,338.4046830898845,149.33837837837837],[\"Q\",337.90482388295703,149.83783783783784,337.90482388295703,150.33729729729728],[\"Q\",337.90482388295703,150.83675675675673,337.90482388295703,151.3362162162162],[\"Q\",337.90482388295703,151.83567567567565,337.90482388295703,151.3362162162162],[\"Q\",337.90482388295703,150.83675675675673,337.90482388295703,150.33729729729728],[\"Q\",337.90482388295703,149.83783783783784,337.90482388295703,149.33837837837837],[\"Q\",337.90482388295703,148.83891891891892,338.4046830898845,148.33945945945948],[\"Q\",338.90454229681194,147.84,339.90426071066685,147.34054054054053],[\"Q\",340.90397912452175,146.84108108108106,341.40383833144926,146.84108108108106],[\"Q\",341.9036975383767,146.84108108108106,342.4035567453042,146.84108108108106],[\"Q\",342.90341595223157,146.84108108108106,343.9031343660865,146.84108108108106],[\"Q\",344.9028527799414,146.84108108108106,345.40271198686884,147.83999999999997],[\"Q\",345.9025711937963,148.83891891891892,346.40243040072374,149.8378378378378],[\"Q\",346.9022896076512,150.83675675675673,347.4021488145786,152.33513513513512],[\"Q\",347.90200802150605,153.8335135135135,348.4018672284335,154.33297297297298],[\"Q\",348.90172643536096,154.83243243243243,348.90172643536096,155.83135135135134],[\"Q\",348.90172643536096,156.83027027027026,348.90172643536096,157.82918918918918],[\"Q\",348.90172643536096,158.8281081081081,348.90172643536096,159.82702702702704],[\"Q\",348.90172643536096,160.82594594594596,348.90172643536096,161.82486486486488],[\"Q\",348.90172643536096,162.82378378378377,348.90172643536096,163.82270270270268],[\"Q\",348.90172643536096,164.8216216216216,348.90172643536096,165.82054054054052],[\"Q\",348.90172643536096,166.81945945945944,348.90172643536096,167.81837837837836],[\"Q\",348.90172643536096,168.81729729729727,348.90172643536096,170.8151351351351],[\"Q\",348.90172643536096,172.81297297297297,348.4018672284335,173.8118918918919],[\"Q\",347.90200802150605,174.8108108108108,347.90200802150605,175.80972972972972],[\"Q\",347.90200802150605,176.8086486486486,347.90200802150605,177.80756756756753],[\"Q\",347.90200802150605,178.80648648648645,347.4021488145786,181.30378378378376],[\"Q\",346.9022896076512,183.80108108108107,346.9022896076512,184.8],[\"Q\",346.9022896076512,185.79891891891893,346.40243040072374,186.29837837837837],[\"Q\",345.9025711937963,186.79783783783782,345.9025711937963,187.2972972972973],[\"Q\",345.9025711937963,187.79675675675674,345.9025711937963,188.79567567567565],[\"Q\",345.9025711937963,189.79459459459457,345.40271198686884,190.29405405405404],[\"Q\",344.9028527799414,190.79351351351352,344.9028527799414,191.29297297297296],[\"Q\",344.9028527799414,191.7924324324324,344.9028527799414,192.29189189189188],[\"Q\",344.9028527799414,192.79135135135135,344.40299357301393,192.79135135135135],[\"Q\",343.9031343660865,192.79135135135135,343.403275159159,192.79135135135135],[\"Q\",342.90341595223157,192.79135135135135,342.4035567453042,191.79243243243243],[\"Q\",341.9036975383767,190.79351351351352,341.40383833144926,189.79459459459457],[\"Q\",340.90397912452175,188.79567567567565,340.4041199175943,187.79675675675674],[\"Q\",339.90426071066685,186.79783783783782,338.90454229681194,185.7989189189189],[\"Q\",337.90482388295703,184.79999999999998,337.90482388295703,183.80108108108107],[\"Q\",337.90482388295703,182.80216216216215,337.90482388295703,181.80324324324323],[\"Q\",337.90482388295703,180.8043243243243,337.90482388295703,179.8054054054054],[\"Q\",337.90482388295703,178.80648648648645,337.90482388295703,178.307027027027],[\"Q\",337.90482388295703,177.80756756756756,337.90482388295703,176.30918918918917],[\"Q\",337.90482388295703,174.8108108108108,337.90482388295703,173.31243243243242],[\"Q\",337.90482388295703,171.81405405405403,337.90482388295703,171.31459459459458],[\"Q\",337.90482388295703,170.81513513513514,337.90482388295703,170.31567567567566],[\"Q\",337.90482388295703,169.8162162162162,338.90454229681194,168.31783783783783],[\"Q\",339.90426071066685,166.81945945945944,340.9039791245218,165.32108108108105],[\"Q\",341.9036975383767,163.82270270270268,341.9036975383767,163.3232432432432],[\"Q\",341.9036975383767,162.82378378378377,341.9036975383767,162.32432432432432],[\"Q\",341.9036975383767,161.82486486486485,342.4035567453042,161.3254054054054],[\"Q\",342.90341595223157,160.82594594594596,343.9031343660865,159.82702702702704],[\"Q\",344.9028527799414,158.8281081081081,345.40271198686884,158.32864864864865],[\"Q\",345.9025711937963,157.82918918918918,346.40243040072374,157.3297297297297],[\"Q\",346.9022896076512,156.83027027027026,347.4021488145786,155.83135135135134],[\"Q\",347.90200802150605,154.83243243243243,350.90116326307077,152.8345945945946],[\"Q\",353.9003185046355,150.83675675675673,354.9000369184904,150.33729729729728],[\"Q\",355.8997553323453,149.83783783783784,356.8994737462002,148.83891891891892],[\"Q\",357.89919216005507,147.84,358.89891057391003,146.8410810810811],[\"Q\",359.89862898776494,145.84216216216214,362.3979250224022,143.34486486486486],[\"Q\",364.8972210570394,140.84756756756755,367.3965170916767,138.84972972972972],[\"Q\",369.89581312631395,136.85189189189188,370.89553154016886,135.85297297297296],[\"Q\",371.89524995402377,134.85405405405405,372.8949683678786,133.85513513513513],[\"Q\",373.8946867817335,132.8562162162162,374.89440519558843,130.85837837837838],[\"Q\",375.8941236094434,128.86054054054054,377.3937012302257,127.36216216216215],[\"Q\",378.89327885100806,125.86378378378377,379.89299726486297,125.36432432432431],[\"Q\",380.8927156787179,124.86486486486486,380.8927156787179,123.86594594594594],[\"Q\",380.8927156787179,122.86702702702702,381.39257488564533,121.86810810810809],[\"Q\",381.8924340925728,120.86918918918917,382.8921525064277,119.87027027027025],[\"Q\",383.89187092028254,118.87135135135135,384.39173012721005,118.37189189189189],[\"Q\",384.8915893341375,117.87243243243243,385.39144854106496,116.8735135135135],[\"Q\",385.8913077479924,115.87459459459458,385.8913077479924,115.37513513513512],[\"Q\",385.8913077479924,114.87567567567567,386.39116695491987,114.87567567567567],[\"Q\",386.8910261618473,114.87567567567567,387.3908853687748,114.87567567567567],[\"Q\",387.8907445757022,114.87567567567567,388.3906037826296,114.87567567567567],[\"Q\",388.8904629895571,114.87567567567567,389.39032219648453,114.87567567567567],[\"Q\",389.890181403412,114.87567567567567,389.890181403412,115.87459459459458],[\"Q\",389.890181403412,116.8735135135135,390.39004061033944,117.87243243243242],[\"Q\",390.8898998172669,118.87135135135135,391.88961823112174,122.36756756756756],[\"Q\",392.88933664497665,125.86378378378377,392.88933664497665,126.36324324324323],[\"Q\",392.88933664497665,126.86270270270269,392.88933664497665,128.36108108108107],[\"Q\",392.88933664497665,129.85945945945946,392.88933664497665,130.85837837837838],[\"Q\",392.88933664497665,131.8572972972973,392.88933664497665,133.35567567567568],[\"Q\",392.88933664497665,134.85405405405405,392.88933664497665,135.35351351351352],[\"Q\",392.88933664497665,135.85297297297296,392.88933664497665,135.35351351351352],[\"Q\",392.88933664497665,134.85405405405405,392.88933664497665,132.8562162162162],[\"Q\",392.88933664497665,130.85837837837838,392.88933664497665,130.3589189189189],[\"Q\",392.88933664497665,129.85945945945946,392.88933664497665,127.36216216216215],[\"Q\",392.88933664497665,124.86486486486486,392.88933664497665,124.3654054054054],[\"Q\",392.88933664497665,123.86594594594594,392.88933664497665,122.867027027027],[\"Q\",392.88933664497665,121.86810810810809,392.88933664497665,121.36864864864863],[\"Q\",392.88933664497665,120.86918918918917,390.3900406103394,121.86810810810809],[\"Q\",387.8907445757022,122.86702702702702,386.39116695491987,124.86486486486486],[\"Q\",384.8915893341375,126.86270270270269,384.39173012721005,127.36216216216215],[\"Q\",383.89187092028254,127.86162162162162,383.3920117133551,128.86054054054054],[\"Q\",382.89215250642764,129.85945945945946,382.39229329950024,130.3589189189189],[\"Q\",381.8924340925728,130.85837837837838,381.8924340925728,131.8572972972973],[\"Q\",381.8924340925728,132.8562162162162,380.8927156787179,133.35567567567568],[\"Q\",379.89299726486297,133.85513513513513,379.89299726486297,134.35459459459457],[\"Q\",379.89299726486297,134.85405405405405,379.3931380579355,134.85405405405405],[\"Q\",378.89327885100806,134.85405405405405,378.3934196440806,135.35351351351352],[\"Q\",377.89356043715316,135.85297297297296,377.3937012302257,136.85189189189188],[\"Q\",376.8938420232983,137.8508108108108,375.3942644025159,139.84864864864863],[\"Q\",373.8946867817335,141.84648648648647,373.8946867817335,142.8454054054054],[\"Q\",373.8946867817335,143.8443243243243,373.8946867817335,144.34378378378375],[\"Q\",373.8946867817335,144.84324324324322,373.8946867817335,145.84216216216214],[\"Q\",373.8946867817335,146.84108108108106,373.8946867817335,147.34054054054053],[\"Q\",373.8946867817335,147.84,373.8946867817335,149.33837837837837],[\"Q\",373.8946867817335,150.83675675675673,373.8946867817335,151.3362162162162],[\"Q\",373.8946867817335,151.83567567567565,373.8946867817335,152.33513513513512],[\"Q\",373.8946867817335,152.8345945945946,373.8946867817335,153.8335135135135],[\"Q\",373.8946867817335,154.83243243243243,375.89412360944334,152.8345945945946],[\"Q\",377.89356043715316,150.83675675675673,380.3928564717904,146.8410810810811],[\"Q\",382.89215250642764,142.84540540540542,384.8915893341375,138.84972972972975],[\"Q\",386.8910261618473,134.85405405405405,387.3908853687748,132.8562162162162],[\"Q\",387.8907445757022,130.85837837837838,388.8904629895571,129.36],[\"Q\",389.890181403412,127.86162162162162,389.890181403412,127.36216216216215],[\"Q\",389.890181403412,126.86270270270269,389.890181403412,127.36216216216215],[\"Q\",389.890181403412,127.86162162162162,389.890181403412,129.85945945945946],[\"Q\",389.890181403412,131.8572972972973,389.890181403412,133.85513513513513],[\"Q\",389.890181403412,135.85297297297296,389.890181403412,138.35027027027024],[\"Q\",389.890181403412,140.84756756756755,389.890181403412,142.3459459459459],[\"Q\",389.890181403412,143.8443243243243,389.890181403412,144.84324324324322],[\"Q\",389.890181403412,145.84216216216214,389.890181403412,146.34162162162158],[\"Q\",389.890181403412,146.84108108108106,389.890181403412,147.83999999999997],[\"Q\",389.890181403412,148.83891891891892,389.890181403412,149.8378378378378],[\"Q\",389.890181403412,150.83675675675673,392.8893366449767,150.33729729729728],[\"Q\",395.88849188654143,149.83783783783784,400.38722474888846,146.34162162162164],[\"Q\",404.88595761123554,142.84540540540542,407.3852536458728,141.34702702702702],[\"Q\",409.88454968051,139.84864864864863,412.88370492207474,137.8508108108108],[\"Q\",415.88286016363946,135.85297297297296,418.38215619827673,134.85405405405405],[\"Q\",420.881452232914,133.85513513513513,422.3810298536963,132.35675675675674],[\"L\",423.8846074744787,130.85437837837839]]}],\"background\":{\"type\":\"pattern\",\"source\":\"https://sferachild.ru/images/patterns/1.png\",\"repeat\":\"repeat\",\"crossOrigin\":\"\",\"offsetX\":0,\"offsetY\":0,\"patternTransform\":null}}',2),(3,'test','empty','{\"version\":\"4.2.0\",\"objects\":[],\"background\":\"rgba(255, 255, 255, 1)\"}',8);
/*!40000 ALTER TABLE `lesson_boards` ENABLE KEYS */;
UNLOCK TABLES;

--
-- Table structure for table `lesson_material`
--

DROP TABLE IF EXISTS `lesson_material`;
/*!40101 SET @saved_cs_client     = @@character_set_client */;
/*!40101 SET character_set_client = utf8 */;
CREATE TABLE `lesson_material` (
  `lesson_id` bigint(20) unsigned DEFAULT NULL,
  `material_id` bigint(20) unsigned DEFAULT NULL,
  KEY `lesson_material_lesson_id_foreign` (`lesson_id`),
  KEY `lesson_material_material_id_foreign` (`material_id`),
  CONSTRAINT `lesson_material_lesson_id_foreign` FOREIGN KEY (`lesson_id`) REFERENCES `lessons` (`id`) ON DELETE CASCADE,
  CONSTRAINT `lesson_material_material_id_foreign` FOREIGN KEY (`material_id`) REFERENCES `materials` (`id`) ON DELETE CASCADE
) ENGINE=InnoDB DEFAULT CHARSET=utf8mb4 COLLATE=utf8mb4_unicode_ci;
/*!40101 SET character_set_client = @saved_cs_client */;

--
-- Dumping data for table `lesson_material`
--

LOCK TABLES `lesson_material` WRITE;
/*!40000 ALTER TABLE `lesson_material` DISABLE KEYS */;
/*!40000 ALTER TABLE `lesson_material` ENABLE KEYS */;
UNLOCK TABLES;

--
-- Table structure for table `lessons`
--

DROP TABLE IF EXISTS `lessons`;
/*!40101 SET @saved_cs_client     = @@character_set_client */;
/*!40101 SET character_set_client = utf8 */;
CREATE TABLE `lessons` (
  `id` bigint(20) unsigned NOT NULL AUTO_INCREMENT,
  `event_id` bigint(20) unsigned DEFAULT NULL,
  `teacher_id` bigint(20) unsigned NOT NULL,
  `student_id` bigint(20) unsigned NOT NULL,
  `subject_id` bigint(20) unsigned NOT NULL,
  `payment_id` bigint(20) unsigned DEFAULT NULL,
  `start` datetime NOT NULL,
  `end` datetime NOT NULL,
  `price` double NOT NULL,
  `record` varchar(255) COLLATE utf8mb4_unicode_ci DEFAULT NULL,
  `status` enum('future','progress','success','canceled') COLLATE utf8mb4_unicode_ci NOT NULL DEFAULT 'future',
  `created_at` timestamp NULL DEFAULT NULL,
  `updated_at` timestamp NULL DEFAULT NULL,
  PRIMARY KEY (`id`),
  KEY `lessons_event_id_foreign` (`event_id`),
  KEY `lessons_payment_id_foreign` (`payment_id`),
  KEY `lessons_teacher_id_foreign` (`teacher_id`),
  KEY `lessons_student_id_foreign` (`student_id`),
  KEY `lessons_subject_id_foreign` (`subject_id`),
  CONSTRAINT `lessons_event_id_foreign` FOREIGN KEY (`event_id`) REFERENCES `events` (`id`) ON DELETE CASCADE,
  CONSTRAINT `lessons_payment_id_foreign` FOREIGN KEY (`payment_id`) REFERENCES `payments` (`id`) ON DELETE SET NULL,
  CONSTRAINT `lessons_student_id_foreign` FOREIGN KEY (`student_id`) REFERENCES `users` (`id`) ON DELETE CASCADE,
  CONSTRAINT `lessons_subject_id_foreign` FOREIGN KEY (`subject_id`) REFERENCES `subjects` (`id`) ON DELETE CASCADE,
  CONSTRAINT `lessons_teacher_id_foreign` FOREIGN KEY (`teacher_id`) REFERENCES `users` (`id`) ON DELETE CASCADE
) ENGINE=InnoDB AUTO_INCREMENT=13 DEFAULT CHARSET=utf8mb4 COLLATE=utf8mb4_unicode_ci;
/*!40101 SET character_set_client = @saved_cs_client */;

--
-- Dumping data for table `lessons`
--

LOCK TABLES `lessons` WRITE;
/*!40000 ALTER TABLE `lessons` DISABLE KEYS */;
INSERT INTO `lessons` VALUES (1,8,3,2,2,2,'2021-03-24 12:00:00','2021-03-24 13:00:00',500,NULL,'future','2021-03-22 19:36:52','2021-03-22 19:36:52'),(2,13,3,2,1,3,'2021-03-30 22:55:00','2021-03-30 23:55:00',500,NULL,'future','2021-03-23 10:00:19','2021-03-23 10:00:19'),(5,37,3,2,2,8,'2021-06-05 16:00:00','2021-06-05 17:00:00',500,NULL,'future','2021-06-05 09:22:45','2021-06-05 09:22:45'),(6,38,3,2,2,9,'2021-06-18 14:00:00','2021-06-18 15:00:00',500,NULL,'future','2021-06-18 05:04:06','2021-06-18 05:04:06'),(7,38,3,2,2,10,'2021-06-18 14:00:00','2021-06-18 15:00:00',500,NULL,'future','2021-06-18 05:04:09','2021-06-18 05:04:09'),(8,53,3,2,1,15,'2021-08-10 20:07:00','2021-08-10 21:07:00',600,NULL,'future','2021-08-10 14:07:33','2021-08-10 14:07:33'),(9,43,3,2,2,16,'2021-08-11 21:01:00','2021-08-11 22:01:00',600,NULL,'future','2021-08-10 15:30:45','2021-08-10 15:30:45'),(10,54,3,2,1,18,'2021-08-14 17:00:00','2021-08-14 18:00:00',600,NULL,'future','2021-08-14 10:03:01','2021-08-14 10:03:01'),(11,56,3,2,1,21,'2021-08-19 19:00:00','2021-08-19 20:00:00',600,NULL,'future','2021-08-19 12:16:17','2021-08-19 12:16:17'),(12,57,3,2,2,22,'2021-08-30 12:03:00','2021-08-30 13:03:00',600,NULL,'future','2021-08-30 06:07:46','2021-08-30 06:07:46');
/*!40000 ALTER TABLE `lessons` ENABLE KEYS */;
UNLOCK TABLES;

--
-- Table structure for table `material_user`
--

DROP TABLE IF EXISTS `material_user`;
/*!40101 SET @saved_cs_client     = @@character_set_client */;
/*!40101 SET character_set_client = utf8 */;
CREATE TABLE `material_user` (
  `lesson_id` bigint(20) unsigned DEFAULT NULL,
  `material_id` bigint(20) unsigned DEFAULT NULL,
  `created_at` timestamp NULL DEFAULT NULL,
  `updated_at` timestamp NULL DEFAULT NULL,
  KEY `material_user_lesson_id_foreign` (`lesson_id`),
  KEY `material_user_material_id_foreign` (`material_id`),
  CONSTRAINT `material_user_lesson_id_foreign` FOREIGN KEY (`lesson_id`) REFERENCES `lessons` (`id`) ON DELETE CASCADE,
  CONSTRAINT `material_user_material_id_foreign` FOREIGN KEY (`material_id`) REFERENCES `materials` (`id`) ON DELETE CASCADE
) ENGINE=InnoDB DEFAULT CHARSET=utf8mb4 COLLATE=utf8mb4_unicode_ci;
/*!40101 SET character_set_client = @saved_cs_client */;

--
-- Dumping data for table `material_user`
--

LOCK TABLES `material_user` WRITE;
/*!40000 ALTER TABLE `material_user` DISABLE KEYS */;
/*!40000 ALTER TABLE `material_user` ENABLE KEYS */;
UNLOCK TABLES;

--
-- Table structure for table `materials`
--

DROP TABLE IF EXISTS `materials`;
/*!40101 SET @saved_cs_client     = @@character_set_client */;
/*!40101 SET character_set_client = utf8 */;
CREATE TABLE `materials` (
  `id` bigint(20) unsigned NOT NULL AUTO_INCREMENT,
  `name` varchar(255) COLLATE utf8mb4_unicode_ci NOT NULL,
  `subject_id` bigint(20) unsigned DEFAULT NULL,
  PRIMARY KEY (`id`),
  KEY `materials_subject_id_foreign` (`subject_id`),
  CONSTRAINT `materials_subject_id_foreign` FOREIGN KEY (`subject_id`) REFERENCES `subjects` (`id`) ON DELETE SET NULL
) ENGINE=InnoDB DEFAULT CHARSET=utf8mb4 COLLATE=utf8mb4_unicode_ci;
/*!40101 SET character_set_client = @saved_cs_client */;

--
-- Dumping data for table `materials`
--

LOCK TABLES `materials` WRITE;
/*!40000 ALTER TABLE `materials` DISABLE KEYS */;
/*!40000 ALTER TABLE `materials` ENABLE KEYS */;
UNLOCK TABLES;

--
-- Table structure for table `messages`
--

DROP TABLE IF EXISTS `messages`;
/*!40101 SET @saved_cs_client     = @@character_set_client */;
/*!40101 SET character_set_client = utf8 */;
CREATE TABLE `messages` (
  `id` bigint(20) unsigned NOT NULL AUTO_INCREMENT,
  `messageable_id` bigint(20) unsigned NOT NULL,
  `messageable_type` varchar(255) COLLATE utf8mb4_unicode_ci NOT NULL,
  `text` text COLLATE utf8mb4_unicode_ci NOT NULL,
  `created_at` timestamp NULL DEFAULT NULL,
  `updated_at` timestamp NULL DEFAULT NULL,
  `user_id` bigint(20) unsigned NOT NULL,
  PRIMARY KEY (`id`),
  KEY `messages_user_id_foreign` (`user_id`),
  CONSTRAINT `messages_user_id_foreign` FOREIGN KEY (`user_id`) REFERENCES `users` (`id`) ON DELETE CASCADE
) ENGINE=InnoDB DEFAULT CHARSET=utf8mb4 COLLATE=utf8mb4_unicode_ci;
/*!40101 SET character_set_client = @saved_cs_client */;

--
-- Dumping data for table `messages`
--

LOCK TABLES `messages` WRITE;
/*!40000 ALTER TABLE `messages` DISABLE KEYS */;
/*!40000 ALTER TABLE `messages` ENABLE KEYS */;
UNLOCK TABLES;

--
-- Table structure for table `migrations`
--

DROP TABLE IF EXISTS `migrations`;
/*!40101 SET @saved_cs_client     = @@character_set_client */;
/*!40101 SET character_set_client = utf8 */;
CREATE TABLE `migrations` (
  `id` int(10) unsigned NOT NULL AUTO_INCREMENT,
  `migration` varchar(255) COLLATE utf8mb4_unicode_ci NOT NULL,
  `batch` int(11) NOT NULL,
  PRIMARY KEY (`id`)
) ENGINE=InnoDB AUTO_INCREMENT=28 DEFAULT CHARSET=utf8mb4 COLLATE=utf8mb4_unicode_ci;
/*!40101 SET character_set_client = @saved_cs_client */;

--
-- Dumping data for table `migrations`
--

LOCK TABLES `migrations` WRITE;
/*!40000 ALTER TABLE `migrations` DISABLE KEYS */;
INSERT INTO `migrations` VALUES (1,'0000_00_00_000000_create_websockets_statistics_entries_table',1),(2,'2014_10_11_000000_create_roles_table',1),(3,'2014_10_12_000000_create_users_table',1),(4,'2014_10_12_100000_create_password_resets_table',1),(5,'2019_08_19_000000_create_failed_jobs_table',1),(6,'2020_12_15_220946_create_files_table',1),(7,'2020_12_16_162427_create_payments_table',1),(8,'2020_12_17_140734_create_subjects_table',1),(9,'2020_12_17_150515_create_student_teacher_table',1),(10,'2020_12_17_155230_create_events_table',1),(11,'2020_12_17_155837_create_lessons_table',1),(12,'2020_12_17_165225_create_messages_table',1),(13,'2020_12_17_184950_create_lesson_boards_table',1),(14,'2020_12_20_021643_create_notifications_table',1),(15,'2020_12_21_203947_create_subject_user_table',1),(16,'2020_12_22_013201_create_jobs_table',1),(17,'2020_12_30_214509_create_questions_table',1),(18,'2020_12_30_214746_create_conflicts_table',1),(19,'2020_12_30_214909_create_tickets_table',1),(20,'2020_12_30_234855_create_materials_table',1),(21,'2020_12_30_235024_create_lesson_material_table',1),(22,'2020_12_31_000349_create_material_user_table',1),(23,'2021_01_08_190611_create_infos_table',1),(24,'2021_01_17_041718_create_posts_table',1),(25,'2021_01_17_042217_create_faqs_table',1),(26,'2021_01_26_223748_create_subscribes_table',1),(27,'2021_02_01_111759_create_chat_messages_table',1);
/*!40000 ALTER TABLE `migrations` ENABLE KEYS */;
UNLOCK TABLES;

--
-- Table structure for table `notifications`
--

DROP TABLE IF EXISTS `notifications`;
/*!40101 SET @saved_cs_client     = @@character_set_client */;
/*!40101 SET character_set_client = utf8 */;
CREATE TABLE `notifications` (
  `id` bigint(20) unsigned NOT NULL AUTO_INCREMENT,
  `text` varchar(255) COLLATE utf8mb4_unicode_ci NOT NULL,
  `read` tinyint(1) NOT NULL DEFAULT 0,
  `created_at` timestamp NULL DEFAULT NULL,
  `updated_at` timestamp NULL DEFAULT NULL,
  `user_id` bigint(20) unsigned NOT NULL,
  PRIMARY KEY (`id`),
  KEY `notifications_user_id_index` (`user_id`),
  CONSTRAINT `notifications_user_id_foreign` FOREIGN KEY (`user_id`) REFERENCES `users` (`id`) ON DELETE CASCADE
) ENGINE=InnoDB AUTO_INCREMENT=16 DEFAULT CHARSET=utf8mb4 COLLATE=utf8mb4_unicode_ci;
/*!40101 SET character_set_client = @saved_cs_client */;

--
-- Dumping data for table `notifications`
--

LOCK TABLES `notifications` WRITE;
/*!40000 ALTER TABLE `notifications` DISABLE KEYS */;
INSERT INTO `notifications` VALUES (3,'У вас появился новый ученик',1,'2021-03-23 10:00:19','2021-08-30 06:21:01',3),(4,'У вас появился новый ученик',1,'2021-06-05 03:28:13','2021-08-30 06:21:01',3),(5,'У вас появился новый ученик',1,'2021-06-05 03:28:24','2021-08-30 06:21:01',3),(6,'У вас появился новый ученик',1,'2021-06-05 09:22:45','2021-08-30 06:21:01',3),(7,'У вас отменен урок 2021-06-05 10:00:00',1,'2021-06-05 09:22:59','2021-08-30 06:21:01',3),(8,'У вас отменен урок 2021-06-05 10:00:00',1,'2021-06-05 09:22:59','2021-08-30 06:21:01',3),(9,'У вас появился новый ученик',1,'2021-06-18 05:04:06','2021-08-30 06:21:01',3),(10,'У вас появился новый ученик',1,'2021-06-18 05:04:09','2021-08-30 06:21:01',3),(11,'У вас появился новый ученик',1,'2021-08-10 14:07:33','2021-08-30 06:21:01',3),(12,'У вас появился новый ученик',1,'2021-08-10 15:30:45','2021-08-30 06:21:01',3),(13,'У вас появился новый ученик',1,'2021-08-14 10:03:01','2021-08-30 06:21:01',3),(14,'У вас появился новый ученик',1,'2021-08-19 12:16:17','2021-08-30 06:21:01',3),(15,'У вас появился новый ученик',1,'2021-08-30 06:07:46','2021-08-30 06:21:01',3);
/*!40000 ALTER TABLE `notifications` ENABLE KEYS */;
UNLOCK TABLES;

--
-- Table structure for table `password_resets`
--

DROP TABLE IF EXISTS `password_resets`;
/*!40101 SET @saved_cs_client     = @@character_set_client */;
/*!40101 SET character_set_client = utf8 */;
CREATE TABLE `password_resets` (
  `email` varchar(255) COLLATE utf8mb4_unicode_ci NOT NULL,
  `token` varchar(255) COLLATE utf8mb4_unicode_ci NOT NULL,
  `created_at` timestamp NULL DEFAULT NULL,
  KEY `password_resets_email_index` (`email`)
) ENGINE=InnoDB DEFAULT CHARSET=utf8mb4 COLLATE=utf8mb4_unicode_ci;
/*!40101 SET character_set_client = @saved_cs_client */;

--
-- Dumping data for table `password_resets`
--

LOCK TABLES `password_resets` WRITE;
/*!40000 ALTER TABLE `password_resets` DISABLE KEYS */;
INSERT INTO `password_resets` VALUES ('shrayner_1974@mail.ru','$2y$10$AIz0RZv5B2WrgW5jXsSMM.3eukfhR9.E5Ng57FEMjIiMr3oVIa8dC','2021-07-28 00:08:05');
/*!40000 ALTER TABLE `password_resets` ENABLE KEYS */;
UNLOCK TABLES;

--
-- Table structure for table `payments`
--

DROP TABLE IF EXISTS `payments`;
/*!40101 SET @saved_cs_client     = @@character_set_client */;
/*!40101 SET character_set_client = utf8 */;
CREATE TABLE `payments` (
  `id` bigint(20) unsigned NOT NULL AUTO_INCREMENT,
  `amount` double(8,2) NOT NULL,
  `type` enum('in','out','buy') COLLATE utf8mb4_unicode_ci NOT NULL,
  `status` enum('new','canceled','success') COLLATE utf8mb4_unicode_ci NOT NULL DEFAULT 'new',
  `comment` varchar(255) COLLATE utf8mb4_unicode_ci DEFAULT NULL,
  `created_at` timestamp NULL DEFAULT NULL,
  `updated_at` timestamp NULL DEFAULT NULL,
  `user_id` bigint(20) unsigned DEFAULT NULL,
  PRIMARY KEY (`id`),
  KEY `payments_user_id_index` (`user_id`),
  CONSTRAINT `payments_user_id_foreign` FOREIGN KEY (`user_id`) REFERENCES `users` (`id`) ON DELETE SET NULL
) ENGINE=InnoDB AUTO_INCREMENT=23 DEFAULT CHARSET=utf8mb4 COLLATE=utf8mb4_unicode_ci;
/*!40101 SET character_set_client = @saved_cs_client */;

--
-- Dumping data for table `payments`
--

LOCK TABLES `payments` WRITE;
/*!40000 ALTER TABLE `payments` DISABLE KEYS */;
INSERT INTO `payments` VALUES (1,1000.00,'in','success',NULL,'2021-03-22 19:36:38','2021-03-22 19:36:38',2),(2,500.00,'buy','new',NULL,'2021-03-22 19:36:52','2021-03-22 19:36:52',2),(3,500.00,'buy','new',NULL,'2021-03-23 10:00:19','2021-03-23 10:00:19',2),(4,1000.00,'in','success',NULL,'2021-04-03 06:16:39','2021-04-03 06:16:39',3),(5,1500.00,'in','success',NULL,'2021-06-05 03:28:04','2021-06-05 03:28:04',2),(6,500.00,'buy','new',NULL,'2021-06-05 03:28:13','2021-06-05 03:28:13',2),(7,500.00,'buy','new',NULL,'2021-06-05 03:28:24','2021-06-05 03:28:24',2),(8,500.00,'buy','new',NULL,'2021-06-05 09:22:45','2021-06-05 09:22:45',2),(9,500.00,'buy','new',NULL,'2021-06-18 05:04:06','2021-06-18 05:04:06',2),(10,500.00,'buy','new',NULL,'2021-06-18 05:04:09','2021-06-18 05:04:09',2),(11,200.00,'in','success',NULL,'2021-06-18 05:36:01','2021-06-18 05:36:01',2),(12,100000.00,'in','success',NULL,'2021-07-12 13:46:50','2021-07-12 13:46:50',3),(13,1000.00,'in','success',NULL,'2021-08-01 00:35:21','2021-08-01 00:35:21',3),(14,1000.00,'in','success',NULL,'2021-08-10 14:07:26','2021-08-10 14:07:26',2),(15,600.00,'buy','new',NULL,'2021-08-10 14:07:33','2021-08-10 14:07:33',2),(16,600.00,'buy','new',NULL,'2021-08-10 15:30:45','2021-08-10 15:30:45',2),(17,1000.00,'in','success',NULL,'2021-08-14 10:02:53','2021-08-14 10:02:53',2),(18,600.00,'buy','new',NULL,'2021-08-14 10:03:01','2021-08-14 10:03:01',2),(19,500.00,'in','success',NULL,'2021-08-19 12:13:08','2021-08-19 12:13:08',3),(20,10000.00,'in','success',NULL,'2021-08-19 12:15:47','2021-08-19 12:15:47',2),(21,600.00,'buy','new',NULL,'2021-08-19 12:16:17','2021-08-19 12:16:17',2),(22,600.00,'buy','new',NULL,'2021-08-30 06:07:46','2021-08-30 06:07:46',2);
/*!40000 ALTER TABLE `payments` ENABLE KEYS */;
UNLOCK TABLES;

--
-- Table structure for table `posts`
--

DROP TABLE IF EXISTS `posts`;
/*!40101 SET @saved_cs_client     = @@character_set_client */;
/*!40101 SET character_set_client = utf8 */;
CREATE TABLE `posts` (
  `id` bigint(20) unsigned NOT NULL AUTO_INCREMENT,
  `user_id` bigint(20) unsigned NOT NULL,
  `title` varchar(255) COLLATE utf8mb4_unicode_ci NOT NULL,
  `preview_text` text COLLATE utf8mb4_unicode_ci DEFAULT NULL,
  `detail_text` text COLLATE utf8mb4_unicode_ci DEFAULT NULL,
  `preview_picture` varchar(255) COLLATE utf8mb4_unicode_ci DEFAULT NULL,
  `detail_picture` varchar(255) COLLATE utf8mb4_unicode_ci DEFAULT NULL,
  `created_at` timestamp NULL DEFAULT NULL,
  `updated_at` timestamp NULL DEFAULT NULL,
  PRIMARY KEY (`id`),
  KEY `posts_user_id_index` (`user_id`),
  CONSTRAINT `posts_user_id_foreign` FOREIGN KEY (`user_id`) REFERENCES `users` (`id`) ON DELETE CASCADE
) ENGINE=InnoDB DEFAULT CHARSET=utf8mb4 COLLATE=utf8mb4_unicode_ci;
/*!40101 SET character_set_client = @saved_cs_client */;

--
-- Dumping data for table `posts`
--

LOCK TABLES `posts` WRITE;
/*!40000 ALTER TABLE `posts` DISABLE KEYS */;
/*!40000 ALTER TABLE `posts` ENABLE KEYS */;
UNLOCK TABLES;

--
-- Table structure for table `questions`
--

DROP TABLE IF EXISTS `questions`;
/*!40101 SET @saved_cs_client     = @@character_set_client */;
/*!40101 SET character_set_client = utf8 */;
CREATE TABLE `questions` (
  `id` bigint(20) unsigned NOT NULL AUTO_INCREMENT,
  `read` tinyint(1) NOT NULL DEFAULT 0,
  `name` varchar(255) COLLATE utf8mb4_unicode_ci NOT NULL,
  `email` varchar(255) COLLATE utf8mb4_unicode_ci NOT NULL,
  `phone` varchar(255) COLLATE utf8mb4_unicode_ci DEFAULT NULL,
  `text` text COLLATE utf8mb4_unicode_ci NOT NULL,
  `created_at` timestamp NULL DEFAULT NULL,
  `updated_at` timestamp NULL DEFAULT NULL,
  PRIMARY KEY (`id`)
) ENGINE=InnoDB DEFAULT CHARSET=utf8mb4 COLLATE=utf8mb4_unicode_ci;
/*!40101 SET character_set_client = @saved_cs_client */;

--
-- Dumping data for table `questions`
--

LOCK TABLES `questions` WRITE;
/*!40000 ALTER TABLE `questions` DISABLE KEYS */;
/*!40000 ALTER TABLE `questions` ENABLE KEYS */;
UNLOCK TABLES;

--
-- Table structure for table `roles`
--

DROP TABLE IF EXISTS `roles`;
/*!40101 SET @saved_cs_client     = @@character_set_client */;
/*!40101 SET character_set_client = utf8 */;
CREATE TABLE `roles` (
  `id` bigint(20) unsigned NOT NULL AUTO_INCREMENT,
  `name` varchar(255) COLLATE utf8mb4_unicode_ci NOT NULL,
  `label` varchar(255) COLLATE utf8mb4_unicode_ci NOT NULL,
  PRIMARY KEY (`id`)
) ENGINE=InnoDB AUTO_INCREMENT=4 DEFAULT CHARSET=utf8mb4 COLLATE=utf8mb4_unicode_ci;
/*!40101 SET character_set_client = @saved_cs_client */;

--
-- Dumping data for table `roles`
--

LOCK TABLES `roles` WRITE;
/*!40000 ALTER TABLE `roles` DISABLE KEYS */;
INSERT INTO `roles` VALUES (1,'admin','Администратор'),(2,'student','Ученик'),(3,'teacher','Преподаватель');
/*!40000 ALTER TABLE `roles` ENABLE KEYS */;
UNLOCK TABLES;

--
-- Table structure for table `student_teacher`
--

DROP TABLE IF EXISTS `student_teacher`;
/*!40101 SET @saved_cs_client     = @@character_set_client */;
/*!40101 SET character_set_client = utf8 */;
CREATE TABLE `student_teacher` (
  `teacher_id` bigint(20) unsigned NOT NULL,
  `student_id` bigint(20) unsigned NOT NULL,
  `subject_id` bigint(20) unsigned DEFAULT NULL,
  KEY `student_teacher_teacher_id_foreign` (`teacher_id`),
  KEY `student_teacher_student_id_foreign` (`student_id`),
  KEY `student_teacher_subject_id_foreign` (`subject_id`),
  CONSTRAINT `student_teacher_student_id_foreign` FOREIGN KEY (`student_id`) REFERENCES `users` (`id`) ON DELETE CASCADE,
  CONSTRAINT `student_teacher_subject_id_foreign` FOREIGN KEY (`subject_id`) REFERENCES `subjects` (`id`) ON DELETE SET NULL,
  CONSTRAINT `student_teacher_teacher_id_foreign` FOREIGN KEY (`teacher_id`) REFERENCES `users` (`id`) ON DELETE CASCADE
) ENGINE=InnoDB DEFAULT CHARSET=utf8mb4 COLLATE=utf8mb4_unicode_ci;
/*!40101 SET character_set_client = @saved_cs_client */;

--
-- Dumping data for table `student_teacher`
--

LOCK TABLES `student_teacher` WRITE;
/*!40000 ALTER TABLE `student_teacher` DISABLE KEYS */;
INSERT INTO `student_teacher` VALUES (3,2,2);
/*!40000 ALTER TABLE `student_teacher` ENABLE KEYS */;
UNLOCK TABLES;

--
-- Table structure for table `subject_user`
--

DROP TABLE IF EXISTS `subject_user`;
/*!40101 SET @saved_cs_client     = @@character_set_client */;
/*!40101 SET character_set_client = utf8 */;
CREATE TABLE `subject_user` (
  `user_id` bigint(20) unsigned NOT NULL,
  `subject_id` bigint(20) unsigned NOT NULL,
  KEY `subject_user_user_id_foreign` (`user_id`),
  KEY `subject_user_subject_id_foreign` (`subject_id`),
  CONSTRAINT `subject_user_subject_id_foreign` FOREIGN KEY (`subject_id`) REFERENCES `subjects` (`id`) ON DELETE CASCADE,
  CONSTRAINT `subject_user_user_id_foreign` FOREIGN KEY (`user_id`) REFERENCES `users` (`id`) ON DELETE CASCADE
) ENGINE=InnoDB DEFAULT CHARSET=utf8mb4 COLLATE=utf8mb4_unicode_ci;
/*!40101 SET character_set_client = @saved_cs_client */;

--
-- Dumping data for table `subject_user`
--

LOCK TABLES `subject_user` WRITE;
/*!40000 ALTER TABLE `subject_user` DISABLE KEYS */;
INSERT INTO `subject_user` VALUES (3,1),(3,2),(3,3),(7,13),(28,10);
/*!40000 ALTER TABLE `subject_user` ENABLE KEYS */;
UNLOCK TABLES;

--
-- Table structure for table `subjects`
--

DROP TABLE IF EXISTS `subjects`;
/*!40101 SET @saved_cs_client     = @@character_set_client */;
/*!40101 SET character_set_client = utf8 */;
CREATE TABLE `subjects` (
  `id` bigint(20) unsigned NOT NULL AUTO_INCREMENT,
  `name` varchar(255) COLLATE utf8mb4_unicode_ci NOT NULL,
  PRIMARY KEY (`id`)
) ENGINE=InnoDB AUTO_INCREMENT=28 DEFAULT CHARSET=utf8mb4 COLLATE=utf8mb4_unicode_ci;
/*!40101 SET character_set_client = @saved_cs_client */;

--
-- Dumping data for table `subjects`
--

LOCK TABLES `subjects` WRITE;
/*!40000 ALTER TABLE `subjects` DISABLE KEYS */;
INSERT INTO `subjects` VALUES (1,'Русский язык'),(2,'Английский язык'),(3,'Немецкий язык'),(4,'Французский язык'),(5,'Итальянский язык'),(6,'Испанский язык'),(7,'Китайский язык'),(8,'Японский язык'),(9,'Русский язык как иностранный'),(10,'Математика'),(11,'Физика'),(12,'Информатика/программирование'),(13,'Химия'),(14,'Биология'),(15,'История'),(16,'Обществознание'),(17,'Литература'),(18,'География'),(19,'Экономика'),(20,'Занятия с дошкольниками'),(21,'Начальные классы'),(22,'Логопед'),(23,'ИЗО'),(24,'Музыка'),(25,'Другой'),(26,'Редкие иностранные языки'),(27,'Спорт');
/*!40000 ALTER TABLE `subjects` ENABLE KEYS */;
UNLOCK TABLES;

--
-- Table structure for table `subscribes`
--

DROP TABLE IF EXISTS `subscribes`;
/*!40101 SET @saved_cs_client     = @@character_set_client */;
/*!40101 SET character_set_client = utf8 */;
CREATE TABLE `subscribes` (
  `id` bigint(20) unsigned NOT NULL AUTO_INCREMENT,
  `months` smallint(6) NOT NULL,
  `start` datetime NOT NULL,
  `end` datetime NOT NULL,
  `user_id` bigint(20) unsigned NOT NULL,
  PRIMARY KEY (`id`),
  KEY `subscribes_user_id_index` (`user_id`),
  CONSTRAINT `subscribes_user_id_foreign` FOREIGN KEY (`user_id`) REFERENCES `users` (`id`) ON DELETE CASCADE
) ENGINE=InnoDB AUTO_INCREMENT=3 DEFAULT CHARSET=utf8mb4 COLLATE=utf8mb4_unicode_ci;
/*!40101 SET character_set_client = @saved_cs_client */;

--
-- Dumping data for table `subscribes`
--

LOCK TABLES `subscribes` WRITE;
/*!40000 ALTER TABLE `subscribes` DISABLE KEYS */;
INSERT INTO `subscribes` VALUES (1,3,'2021-04-03 09:17:26','2021-07-03 09:17:26',3),(2,12,'2021-07-12 16:47:50','2022-07-12 16:47:50',3);
/*!40000 ALTER TABLE `subscribes` ENABLE KEYS */;
UNLOCK TABLES;

--
-- Table structure for table `tickets`
--

DROP TABLE IF EXISTS `tickets`;
/*!40101 SET @saved_cs_client     = @@character_set_client */;
/*!40101 SET character_set_client = utf8 */;
CREATE TABLE `tickets` (
  `id` bigint(20) unsigned NOT NULL AUTO_INCREMENT,
  `created_at` timestamp NULL DEFAULT NULL,
  `updated_at` timestamp NULL DEFAULT NULL,
  `text` text COLLATE utf8mb4_unicode_ci NOT NULL,
  `status` enum('admin','user','closed') COLLATE utf8mb4_unicode_ci NOT NULL DEFAULT 'user',
  `user_id` bigint(20) unsigned DEFAULT NULL,
  PRIMARY KEY (`id`),
  KEY `tickets_user_id_foreign` (`user_id`),
  CONSTRAINT `tickets_user_id_foreign` FOREIGN KEY (`user_id`) REFERENCES `users` (`id`) ON DELETE CASCADE
) ENGINE=InnoDB AUTO_INCREMENT=3 DEFAULT CHARSET=utf8mb4 COLLATE=utf8mb4_unicode_ci;
/*!40101 SET character_set_client = @saved_cs_client */;

--
-- Dumping data for table `tickets`
--

LOCK TABLES `tickets` WRITE;
/*!40000 ALTER TABLE `tickets` DISABLE KEYS */;
INSERT INTO `tickets` VALUES (1,'2021-06-21 15:02:47','2021-06-21 15:02:47','Привет мир','user',3),(2,'2021-06-30 01:49:57','2021-06-30 01:49:57','добрый день , учетная запись не прошла модерацию. Что делать,','user',26);
/*!40000 ALTER TABLE `tickets` ENABLE KEYS */;
UNLOCK TABLES;

--
-- Table structure for table `users`
--

DROP TABLE IF EXISTS `users`;
/*!40101 SET @saved_cs_client     = @@character_set_client */;
/*!40101 SET character_set_client = utf8 */;
CREATE TABLE `users` (
  `id` bigint(20) unsigned NOT NULL AUTO_INCREMENT,
  `active` tinyint(1) NOT NULL DEFAULT 1,
  `confirmed` tinyint(1) NOT NULL DEFAULT 0,
  `confirm_request` tinyint(1) NOT NULL DEFAULT 0,
  `name` varchar(255) COLLATE utf8mb4_unicode_ci DEFAULT NULL,
  `surname` varchar(255) COLLATE utf8mb4_unicode_ci DEFAULT NULL,
  `lastname` varchar(255) COLLATE utf8mb4_unicode_ci DEFAULT NULL,
  `photo` varchar(255) COLLATE utf8mb4_unicode_ci DEFAULT NULL,
  `gmt` varchar(255) COLLATE utf8mb4_unicode_ci DEFAULT NULL,
  `about` text COLLATE utf8mb4_unicode_ci DEFAULT NULL,
  `age` smallint(5) unsigned NOT NULL DEFAULT 0,
  `rate` double(8,2) unsigned NOT NULL DEFAULT 0.00,
  `lesson_price` double(8,2) unsigned NOT NULL DEFAULT 0.00,
  `phone` varchar(255) COLLATE utf8mb4_unicode_ci DEFAULT NULL,
  `email` varchar(255) COLLATE utf8mb4_unicode_ci NOT NULL,
  `email_verified_at` timestamp NULL DEFAULT NULL,
  `password` varchar(255) COLLATE utf8mb4_unicode_ci NOT NULL,
  `balance` double(8,2) unsigned NOT NULL DEFAULT 0.00,
  `role_id` bigint(20) unsigned DEFAULT NULL,
  `remember_token` varchar(100) COLLATE utf8mb4_unicode_ci DEFAULT NULL,
  `created_at` timestamp NULL DEFAULT NULL,
  `updated_at` timestamp NULL DEFAULT NULL,
  PRIMARY KEY (`id`),
  UNIQUE KEY `users_email_unique` (`email`),
  UNIQUE KEY `users_phone_unique` (`phone`),
  KEY `users_role_id_index` (`role_id`),
  CONSTRAINT `users_role_id_foreign` FOREIGN KEY (`role_id`) REFERENCES `roles` (`id`) ON DELETE SET NULL
) ENGINE=InnoDB AUTO_INCREMENT=39 DEFAULT CHARSET=utf8mb4 COLLATE=utf8mb4_unicode_ci;
/*!40101 SET character_set_client = @saved_cs_client */;

--
-- Dumping data for table `users`
--

LOCK TABLES `users` WRITE;
/*!40000 ALTER TABLE `users` DISABLE KEYS */;
INSERT INTO `users` VALUES (1,1,0,0,'admin',NULL,NULL,NULL,NULL,NULL,0,0.00,0.00,NULL,'admin@email.net',NULL,'$2y$10$MPmbUC0G7ur1Bw3zS04JBuhEwSdOS2U2jXLsQOgLG761xYh2deFOq',0.00,1,NULL,NULL,NULL),(2,1,0,0,'Артур','Кузнецов','Дмитриевич','photos/E6bCC1PpQbAoGfxkIDtnSDY2z8d1CxT5y2bQO8th.jpg',NULL,NULL,13,0.00,0.00,NULL,'student@email.net',NULL,'$2y$10$4S9QRwGP7h.E7RUbAzc7d.21R0k0VKXPJg0FcmzCLMW1ukPBxG5V2',9200.00,2,'OmuaBV6VgEQ9aWDSqBI5H9wkApev35yD6dJiijlJqZ5moil4Up2a1XeOS1Kh',NULL,'2021-08-30 06:07:46'),(3,1,1,0,'Татьяна','Замятина','Сергеевна',NULL,NULL,'Привет Мир',33,0.00,600.00,'+7 123-123-12-31','teacher@email.net',NULL,'$2y$10$QNuY3wFKqGlcWSxtRC/TS.oqs1uZaRXLvth2O3LeJ1AP6UqXeOgge',102500.00,3,'YS4fKbGa0bSoHiEfaj7z3zvdEcCy7YJAFIhKdkDQvmZaXIizBB262DPveELu',NULL,'2021-08-19 12:13:08'),(4,1,0,0,'Софья','Осадчая','Дмитриевна',NULL,NULL,NULL,0,0.00,0.00,NULL,'osadchayasd@mail.ru',NULL,'$2y$10$DOeVpCUcwlQl.R1uNuLhe.iFnVPasvKxhrj4pgL/olcbhkLEtu4di',0.00,2,NULL,'2021-05-11 12:38:29','2021-05-11 12:38:29'),(5,1,0,0,'Ольга','Богатырева','Анатольевна',NULL,NULL,NULL,55,0.00,0.00,'+7 920-885-86-26','olga.bogatyreva66@mail.ru',NULL,'$2y$10$sCqE2Ca1dchZP1QbhQUUGOkDZl2CcRawfD/4b.GkHS.hRE1QsGhaS',0.00,3,'Aq8vD1xUiRcIDsFTT9gqGlerz4kzPKa2yyCrlmXHsibDexBZkiZLpEcEruL3','2021-05-16 15:21:08','2021-05-24 14:57:30'),(6,1,0,0,'Игорь','Шевердин','Вячеславович',NULL,NULL,NULL,0,0.00,0.00,NULL,'isheverdin@yandex.ru',NULL,'$2y$10$fH2jhhxBauGuS2hDrMVO3O4SLPe8PjL9zWd0FK4fjqhtJOujfb8b2',0.00,3,NULL,'2021-05-18 03:14:09','2021-05-18 03:14:09'),(7,1,0,1,'Валентина','Музалева','Николаевна',NULL,NULL,NULL,32,0.00,0.00,'+7 996-955-67-','valya.muzaleva@bk.ru',NULL,'$2y$10$K1HhMGbtxib.pUrodIHmj.mBqdCiinWDRCsJCxcs1wtczgA2kr4.O',0.00,3,NULL,'2021-05-18 10:58:24','2021-05-18 11:00:22'),(8,1,0,0,'Татьяна','Шароватова','Николаевна',NULL,NULL,NULL,0,0.00,0.00,NULL,'tatyanasharovatova0311@gmail.com',NULL,'$2y$10$5Aw5O9Sj9mAQtiJonj9iZO5I4v72HGObuMIS.lTJF1Y.6JLGSQTcO',0.00,3,NULL,'2021-05-19 15:54:48','2021-05-19 15:54:48'),(9,1,0,0,'Мария','Тарасова','Владимировна',NULL,NULL,NULL,0,0.00,0.00,NULL,'masha.tarasova43@mail.ru',NULL,'$2y$10$X6bxnGJf1jue1RUmlUlnTOsZzHX3/umvwlx4iOgMlmHJw6A45kT0G',0.00,2,NULL,'2021-05-20 15:50:00','2021-05-20 15:50:00'),(10,1,0,0,'Анжелика','Ахметова','Геннадьевна',NULL,NULL,NULL,0,0.00,0.00,NULL,'aahlika@mail.ru',NULL,'$2y$10$6fWCmqAOMEiWCB9xbkMtauGLUG4.b6wQM2UvEb1mazEl9uehzW0xG',0.00,3,NULL,'2021-05-21 06:43:26','2021-05-21 06:43:26'),(11,1,0,0,'Иван','Ткалин','Романович',NULL,NULL,NULL,12,0.00,0.00,NULL,'tkalinivan258@gmail.ru',NULL,'$2y$10$4m7V0kr5m6Qkf27e221Ok.KmUPpR32Bau/4APLaMNSyDLZZmmU9g.',0.00,2,NULL,'2021-05-21 11:58:21','2021-05-21 11:58:51'),(12,1,0,0,'максим','соков','алексеевич',NULL,NULL,NULL,110,0.00,0.00,NULL,'sokov2009maxim@yandex.ru',NULL,'$2y$10$B7k0hmiGliFZtDOM93sz9up1pPtwoJMHpR9D3.AnXQ1m2a/kg0Ehq',0.00,2,NULL,'2021-05-22 04:26:45','2021-05-22 04:27:49'),(13,1,0,0,'ВАСИЛИСА','ТИМОЩУК','ВИТАЛЬЕВНА',NULL,NULL,NULL,0,0.00,0.00,NULL,'timothy.vasilisa070709@gmail.com',NULL,'$2y$10$6Obha/XAEuXEvx86CUVK.ua38zia1J8xbPX47mXoKp1zgIIpeSz1m',0.00,2,NULL,'2021-05-25 19:28:38','2021-05-25 19:28:38'),(14,1,0,0,'женя','беликов','васильевичь',NULL,NULL,NULL,0,0.00,0.00,NULL,'belikov.zhenia2017@yandex.ru',NULL,'$2y$10$yped51xjjz6s/Y5pPUXvx.mkaM4m7lii49Mgvl3Mse2KI6HndlcO2',0.00,2,NULL,'2021-05-28 09:07:15','2021-05-28 09:07:15'),(15,1,0,0,'Сергей','Соколов','Иванович',NULL,NULL,NULL,0,0.00,0.00,NULL,'sokolovasss@bk.ru',NULL,'$2y$10$uKBl6jdIW69pr/JsmhqcJePD0BMF7p9J8cbctFABGgBUD/L0CFBo6',0.00,3,NULL,'2021-05-28 12:01:04','2021-05-28 12:01:04'),(16,1,0,0,'Надежда','Гаврина','Ильинична',NULL,NULL,NULL,0,0.00,0.00,NULL,'gavrina.nadya@mail.ru',NULL,'$2y$10$5DyIyMpPj0zq6//oWAEGmev0pxxzKAc6wgbB3LO/Ca43VvX4uBQOu',0.00,3,NULL,'2021-05-31 08:31:38','2021-05-31 08:31:38'),(17,1,0,0,'Сергей','Данилин','Викторович',NULL,NULL,NULL,48,0.00,0.00,'+7 910-948-48-60','ser021272@rambler.ru',NULL,'$2y$10$O097gEdO0ki3DvlXdDeoRerilgku6F2CoOP3EjIgWigHZ5qfpNF7e',0.00,3,NULL,'2021-06-01 03:46:26','2021-06-01 03:48:01'),(18,1,0,0,'Наталья','Меркель','Владимировна',NULL,NULL,NULL,0,0.00,0.00,NULL,'natal-merk@yandex.ru',NULL,'$2y$10$HFIt5BQyF8TULOKi49kBeehET/kkqiy8zsVM18dTPk6lBXAW4jUMe',0.00,3,NULL,'2021-06-01 22:15:03','2021-06-01 22:15:03'),(19,1,0,0,'Ольга','Тен','Васильевна',NULL,NULL,NULL,0,0.00,0.00,NULL,'olgtenigo@yandex.ru',NULL,'$2y$10$1SIIU0y/eyi1heZLY2S4lOpVaL1xQ0qbWWmRdf4KFV2ZF/dHV6Oxu',0.00,3,NULL,'2021-06-02 15:21:30','2021-06-02 15:21:30'),(20,1,0,0,'Арина','Сапожникова','Павловна',NULL,NULL,NULL,8,0.00,0.00,NULL,'sapozhnikova.hr@yandex.ru',NULL,'$2y$10$xNyQav14uwHN.XgHE5lE9.BYEPvl2CkQGc6Cgk4If7in.eB0zdWVO',0.00,2,NULL,'2021-06-03 05:01:05','2021-06-03 05:02:35'),(21,1,0,0,'Анастасия','Пашкова','Степановна',NULL,NULL,NULL,0,0.00,0.00,NULL,'ndmitrova87@gmail.com',NULL,'$2y$10$ZHExlulSVxsjJq4KShxeh.ppxNYaozigvRvUD68HEMgtgZlNIIndW',0.00,3,NULL,'2021-06-04 01:19:58','2021-06-04 01:19:58'),(22,1,0,0,'Ирина','Василенко','Юрьевна',NULL,NULL,NULL,0,0.00,0.00,NULL,'sevay2019@mail.ru',NULL,'$2y$10$olPLrOw82huuaQLBQMkqs.S..KK6swoJCIGaKwQbVNqkGq/X6iKMy',0.00,2,NULL,'2021-06-09 13:16:12','2021-06-09 13:16:12'),(23,1,0,0,'в','в','в',NULL,NULL,NULL,0,0.00,0.00,NULL,'neogeouk@yandex.ru',NULL,'$2y$10$bf178pOtVL125BIMlCiUlOtoYbRN/ByepIeiBOx9x3aGve79luvlm',0.00,2,NULL,'2021-06-14 12:41:35','2021-06-14 12:41:35'),(24,1,0,0,'Иван','Богданов','Александрович',NULL,NULL,NULL,14,0.00,0.00,NULL,'ruslanibragimov734@gmail.com',NULL,'$2y$10$NHtHKhAHFfYCyUdRyXY4/Or9SiJ6.ZX0Hi3G.z1mHHLNbO101y7aC',0.00,2,NULL,'2021-06-15 11:10:11','2021-06-15 11:10:51'),(25,1,0,0,'Наталья','Ильюшенкова','Сусоевна',NULL,NULL,NULL,0,0.00,0.00,NULL,'natali5726@mail.ru',NULL,'$2y$10$33DjMXrCzddbIOm1KXop0Ob/WSZmCpsmm.SXzrejc5qUI2oqwf21S',0.00,3,NULL,'2021-06-19 22:53:18','2021-06-19 22:53:18'),(26,1,0,0,'Ирина','Шрайнер','Александровна',NULL,NULL,NULL,0,0.00,0.00,NULL,'shrayner_1974@mail.ru',NULL,'$2y$10$v0Awoxl.IlX7GPtoTSVXMuzImUFkHdvw0JEfQsEq6BBZ9z4Wprxva',0.00,3,'NHRX2gF3sBeWO3HU4ojJK7QpiSczXS2eehC7IIy8QGTwlPMAmUo0gXpn6cEz','2021-06-21 00:17:32','2021-06-21 00:17:32'),(27,1,0,0,'Наталья','Смарыгина','Анатольевна',NULL,NULL,NULL,0,0.00,0.00,NULL,'smar-natalya@yandex.ru',NULL,'$2y$10$iP4w5Fj1XC63Lxgyq9GVt.7SuXRCGkxfUZq1eYRMFqXvVJ7XhsjLK',0.00,3,NULL,'2021-06-21 14:09:22','2021-06-21 14:09:22'),(28,1,0,1,'Надия','Зулхарнаева','Гадыльжановна',NULL,NULL,NULL,36,0.00,0.00,'+7 927-567-13-88','Nadia.zulharnaeva@yandex.r',NULL,'$2y$10$0TdCyXIN2e3MrQGGdUn0meg66LWwhDARCjh5fNQ590Is0I8PjSLge',0.00,3,NULL,'2021-06-22 03:27:33','2021-06-22 03:29:55'),(29,1,0,0,'Данил','Емельянцев','Константинович',NULL,NULL,NULL,0,0.00,0.00,NULL,'Emeliyancev_es@mail.ru',NULL,'$2y$10$S1hZ5aDrU30fKf6ACa4mUu9Pi2OMbesxMz4k15rrc186Uiq/8euHK',0.00,2,NULL,'2021-07-02 00:33:48','2021-07-02 00:33:48'),(30,1,0,0,'София','Александрова','Сергеевна',NULL,NULL,NULL,0,0.00,0.00,NULL,'79204777469@yandex.ru',NULL,'$2y$10$w9DQv49YTTj8gnkK/piLeu8MwyMfx0gkxg0zMbjcxgP3qYemhuzlm',0.00,2,NULL,'2021-08-01 10:10:35','2021-08-01 10:10:35'),(31,1,0,0,'Алла','Ильина','Александровна',NULL,NULL,NULL,0,0.00,0.00,NULL,'alkapalka1961@mail.ru',NULL,'$2y$10$/B6y.bwpAkoylybmYN5U5Obj7paQyFIP.uW2QvZFA1fIswnUc/ZRC',0.00,3,NULL,'2021-08-16 05:46:55','2021-08-16 05:46:55'),(32,1,0,0,'Наталья','Калачикова','Петровна',NULL,NULL,NULL,0,0.00,0.00,NULL,'kalachikova_2020@mail.ru',NULL,'$2y$10$il34oQYqkRJ7JGS1Mmjh.OESGLh1HX7GNj588ilflczZA3sL.RA9y',0.00,3,'0aqffr2zANpQ56XQN0rFcZ0G0zhkXTLb5HmGiLjYjNYOhDYVvOK6N8URx2DG','2021-08-24 08:14:18','2021-08-24 08:14:18'),(33,1,0,0,'Анна','Бузденкова','Дмитриевна',NULL,NULL,NULL,0,0.00,0.00,NULL,'buzdenkova87@mail.ru',NULL,'$2y$10$BMnJoCvRSrGGvv3j4eKYWuMJzZzHc4QGV1x67CjOsfZGjkJT6/WSu',0.00,2,NULL,'2021-08-26 08:06:44','2021-08-26 08:06:44'),(34,1,0,0,'Оксана','Лапикова','Викторовна',NULL,NULL,NULL,0,0.00,0.00,NULL,'alrewa12@mail.ru',NULL,'$2y$10$9APKgz6dmphRhaeQfsa5.OPdjFgsWtQpj02MzVFKfnk4uOHyHEoZu',0.00,3,'DQBiaXkoaw2gBNYpFJrmnMlTfN9r8SwX7gnLiGiPCYPYaERehWao3lhgZmvj','2021-08-27 04:35:39','2021-08-27 04:35:39'),(35,1,0,0,'Максим','Бармин','Павлович',NULL,NULL,NULL,10,0.00,0.00,NULL,'barmaximus@yandex.ru',NULL,'$2y$10$PYOB3et.lBl877VkTnjGWe/XAhpncMxtm.EAJeN4C16qLsIinGvP2',0.00,2,NULL,'2021-08-31 09:02:28','2021-08-31 09:05:05'),(36,1,0,0,'Анна','Дугина','Сергеевна',NULL,NULL,NULL,0,0.00,0.00,NULL,'tatyanadugina@yandex.ru',NULL,'$2y$10$kagFiGJUxGNzhK/40HkC5ea3SX/6MYHHF3yspt1vPZWN0b7lEqZtC',0.00,2,NULL,'2021-09-01 09:24:06','2021-09-01 09:24:06'),(37,1,0,0,'Павел','Дугин','Сергеевич',NULL,NULL,NULL,0,0.00,0.00,NULL,'dugina-tanya@mail.ru',NULL,'$2y$10$VH6rvQueDatpCMRB9Guon.qPaDAkXgrsBRBdS6QxKRdpRf5L8vB3y',0.00,2,NULL,'2021-09-01 09:31:18','2021-09-01 09:31:18'),(38,1,0,0,'Глеб','Чернов','Евгеньевич',NULL,NULL,NULL,0,0.00,0.00,NULL,'anyta.chernova159@gmail.com',NULL,'$2y$10$B65RcFJcg6jbT2iwM7m6GuTqFm1OX5jPbWy6e6Va3OGhneAetkeM6',0.00,2,NULL,'2021-09-01 10:45:53','2021-09-01 10:45:53');
/*!40000 ALTER TABLE `users` ENABLE KEYS */;
UNLOCK TABLES;

--
-- Table structure for table `websockets_statistics_entries`
--

DROP TABLE IF EXISTS `websockets_statistics_entries`;
/*!40101 SET @saved_cs_client     = @@character_set_client */;
/*!40101 SET character_set_client = utf8 */;
CREATE TABLE `websockets_statistics_entries` (
  `id` int(10) unsigned NOT NULL AUTO_INCREMENT,
  `app_id` varchar(255) COLLATE utf8mb4_unicode_ci NOT NULL,
  `peak_connection_count` int(11) NOT NULL,
  `websocket_message_count` int(11) NOT NULL,
  `api_message_count` int(11) NOT NULL,
  `created_at` timestamp NULL DEFAULT NULL,
  `updated_at` timestamp NULL DEFAULT NULL,
  PRIMARY KEY (`id`)
) ENGINE=InnoDB DEFAULT CHARSET=utf8mb4 COLLATE=utf8mb4_unicode_ci;
/*!40101 SET character_set_client = @saved_cs_client */;

--
-- Dumping data for table `websockets_statistics_entries`
--

LOCK TABLES `websockets_statistics_entries` WRITE;
/*!40000 ALTER TABLE `websockets_statistics_entries` DISABLE KEYS */;
/*!40000 ALTER TABLE `websockets_statistics_entries` ENABLE KEYS */;
UNLOCK TABLES;
/*!40103 SET TIME_ZONE=@OLD_TIME_ZONE */;

/*!40101 SET SQL_MODE=@OLD_SQL_MODE */;
/*!40014 SET FOREIGN_KEY_CHECKS=@OLD_FOREIGN_KEY_CHECKS */;
/*!40014 SET UNIQUE_CHECKS=@OLD_UNIQUE_CHECKS */;
/*!40101 SET CHARACTER_SET_CLIENT=@OLD_CHARACTER_SET_CLIENT */;
/*!40101 SET CHARACTER_SET_RESULTS=@OLD_CHARACTER_SET_RESULTS */;
/*!40101 SET COLLATION_CONNECTION=@OLD_COLLATION_CONNECTION */;
/*!40111 SET SQL_NOTES=@OLD_SQL_NOTES */;

-- Dump completed on 2021-09-09 16:53:39
